1,1,68473,8029,2,76502,0,trust_no
1,2,68473,8029,3,76502,2,trust_no
0,1,68473,8029,1,76502,1,trust_no
3,0,68473,8029,3,76502,1,trust_no
3,1,68473,8029,4,76502,8,trust_no
6,0,68473,8029,6,76502,8,trust_yes
2,0,68473,8029,2,76502,2,trust_yes
0,1,68473,8029,1,76502,1,trust_no
0,2,68473,8029,2,76502,4,trust_no
2,1,68473,8029,3,76502,2,trust_no
0,1,68473,8029,1,76502,1,trust_no
0,2,68473,8029,2,76502,0,trust_no
0,1,68473,8029,1,76502,0,trust_no
1,0,68473,8029,1,76502,0,trust_no
1,0,68473,8029,1,76502,0,trust_no
0,1,68473,8029,1,76502,0,trust_no
1,1,68473,8029,2,76502,4,trust_no
0,1,68473,8029,1,76502,2,trust_no
2,0,68473,8029,2,76502,2,trust_no
3,0,68473,8029,3,76502,2,trust_yes
0,1,68473,8029,1,76502,0,trust_no
0,1,68473,8029,1,76502,2,trust_no
6,1,68473,8029,7,76502,4,trust_no
0,1,68473,8029,1,76502,0,trust_no
1,0,68473,8029,1,76502,0,trust_no
0,1,68473,8029,1,76502,2,trust_no
0,1,68473,8029,1,76502,2,trust_no
0,2,68473,8029,2,76502,2,trust_no
0,1,68473,8029,1,76502,1,trust_no
1,0,68473,8029,1,76502,0,trust_no
0,1,68473,8029,1,76502,2,trust_no
1,1,68473,8029,2,76502,1,trust_no
0,1,68473,8029,1,76502,2,trust_no
0,1,68473,8029,1,76502,1,trust_no
0,1,68473,8029,1,76502,2,trust_no
1,1,68473,8029,2,76502,0,trust_no
1,5,68473,8029,6,76502,0,trust_no
0,1,68473,8029,1,76502,0,trust_no
0,1,68473,8029,1,76502,3,trust_no
1,0,68473,8029,1,76502,2,trust_no
8,2,68473,8029,10,76502,13,trust_no
1,2,68473,8029,3,76502,1,trust_no
1,0,68473,8029,1,76502,1,trust_no
5,2,68473,8029,7,76502,7,trust_no
5,2,5365,77,7,5442,6,trust_no
0,1,68473,8029,1,76502,2,trust_no
1,1,68473,8029,2,76502,2,trust_no
0,1,68473,8029,1,76502,7,trust_no
0,1,68473,8029,1,76502,1,trust_no
2,0,68473,8029,2,76502,13,trust_no
0,1,68473,8029,1,76502,1,trust_no
0,1,68473,8029,1,76502,1,trust_no
0,1,68473,8029,1,76502,2,trust_no
2,0,68473,8029,2,76502,1,trust_no
0,2,68473,8029,2,76502,1,trust_no
0,1,68473,8029,1,76502,1,trust_no
0,1,68473,8029,1,76502,2,trust_no
2,2,68473,8029,4,76502,1,trust_no
0,1,68473,8029,1,76502,0,trust_no
0,1,68473,8029,1,76502,1,trust_no
0,1,68473,8029,1,76502,2,trust_no
1,0,68473,8029,1,76502,0,trust_no
0,1,68473,8029,1,76502,2,trust_no
31,16,68473,8029,47,76502,20,trust_no
1,1,68473,8029,2,76502,0,trust_no
3,0,68473,8029,3,76502,4,trust_no
0,1,68473,8029,1,76502,1,trust_no
0,1,68473,8029,1,76502,0,trust_no
0,1,68473,8029,1,76502,0,trust_no
0,1,68473,8029,1,76502,0,trust_no
0,1,68473,8029,1,76502,1,trust_no
1,0,68473,8029,1,76502,0,trust_no
1,0,68473,8029,1,76502,0,trust_no
0,1,68473,8029,1,76502,1,trust_no
0,1,68473,8029,1,76502,1,trust_no
2,0,68473,8029,2,76502,8,trust_no
1,1,68473,8029,2,76502,0,trust_no
36,5,68473,8029,41,76502,129,trust_no
0,1,68473,8029,1,76502,2,trust_no
0,1,68473,8029,1,76502,2,trust_no
1,1,68473,8029,2,76502,1,trust_no
1,1,68473,8029,2,76502,0,trust_no
1,3,68473,8029,4,76502,0,trust_no
5,1,68473,8029,6,76502,6,trust_no
0,1,11330,239,1,11569,1,trust_yes
0,1,68473,8029,1,76502,0,trust_yes
7,2,68473,8029,9,76502,8,trust_yes
7,2,68473,8029,9,76502,16,trust_yes
6,6,68473,8029,12,76502,2,trust_no
1,1,68473,8029,2,76502,2,trust_no
0,1,68473,8029,1,76502,1,trust_yes
23,0,68473,8029,23,76502,35,trust_no
23,0,13054,288,23,13342,28,trust_no
0,1,68473,8029,1,76502,0,trust_no
0,1,68473,8029,1,76502,0,trust_no
0,1,68473,8029,1,76502,0,trust_no
4,0,68473,8029,4,76502,14,trust_no
1,2,68473,8029,3,76502,3,trust_no
1,2,11599,539,3,12138,2,trust_no
2,1,68473,8029,3,76502,1,trust_yes
0,1,68473,8029,1,76502,1,trust_no
3,1,68473,8029,4,76502,2,trust_no
0,1,68473,8029,1,76502,0,trust_no
0,1,68473,8029,1,76502,0,trust_no
0,1,68473,8029,1,76502,1,trust_no
0,1,68473,8029,1,76502,1,trust_no
0,1,68473,8029,1,76502,1,trust_no
0,1,68473,8029,1,76502,0,trust_no
1,0,68473,8029,1,76502,5,trust_no
2,0,68473,8029,2,76502,165,trust_no
1,4,68473,8029,5,76502,37,trust_no
0,1,68473,8029,1,76502,1,trust_no
1,1,68473,8029,2,76502,0,trust_no
0,1,68473,8029,1,76502,2,trust_no
0,1,68473,8029,1,76502,5,trust_no
0,1,68473,8029,1,76502,0,trust_no
0,1,68473,8029,1,76502,0,trust_no
0,1,68473,8029,1,76502,4,trust_no
3,0,68473,8029,3,76502,1,trust_no
39,4,68473,8029,43,76502,100,trust_no
0,1,68473,8029,1,76502,2,trust_no
1,1,68473,8029,2,76502,3,trust_no
0,1,68473,8029,1,76502,5,trust_no
4,1,68473,8029,5,76502,15,trust_yes
0,1,68473,8029,1,76502,2,trust_no
0,1,68473,8029,1,76502,2,trust_no
0,1,68473,8029,1,76502,1,trust_no
2,1,68473,8029,3,76502,4,trust_no
8,4,8368,44,12,8412,4,trust_no
1,1,68473,8029,2,76502,1,trust_no
0,1,68473,8029,1,76502,0,trust_no
0,1,68473,8029,1,76502,0,trust_no
1,0,68473,8029,1,76502,2,trust_no
7,1,68473,8029,8,76502,30,trust_no
3,3,68473,8029,6,76502,2,trust_no
0,4,68473,8029,4,76502,1,trust_no
0,1,68473,8029,1,76502,0,trust_no
0,1,68473,8029,1,76502,0,trust_no
0,1,68473,8029,1,76502,3,trust_no
0,1,68473,8029,1,76502,2,trust_no
1,0,68473,8029,1,76502,0,trust_no
2,0,68473,8029,2,76502,4,trust_no
2,0,68473,8029,2,76502,4,trust_no
0,1,68473,8029,1,76502,4,trust_no
1,1,68473,8029,2,76502,4,trust_no
0,1,68473,8029,1,76502,0,trust_no
0,1,68473,8029,1,76502,1,trust_no
0,1,68473,8029,1,76502,2,trust_no
2,1,68473,8029,3,76502,1,trust_no
48,36,68473,8029,84,76502,1,trust_no
0,1,68473,8029,1,76502,0,trust_no
1,0,68473,8029,1,76502,2,trust_no
0,1,68473,8029,1,76502,1,trust_no
2,1,68473,8029,3,76502,5,trust_no
0,1,68473,8029,1,76502,1,trust_no
0,1,68473,8029,1,76502,1,trust_no
0,1,68473,8029,1,76502,1,trust_no
12,0,68473,8029,12,76502,10,trust_yes
0,1,68473,8029,1,76502,0,trust_no
2,4,68473,8029,6,76502,1,trust_no
1,1,68473,8029,2,76502,2,trust_no
2,1,68473,8029,3,76502,10,trust_no
0,1,68473,8029,1,76502,0,trust_no
1,0,68473,8029,1,76502,0,trust_no
1,1,68473,8029,2,76502,12,trust_no
35,14,2903,15,49,2918,33,trust_no
35,14,6782,249,49,7031,25,trust_no
35,14,3698,20,49,3718,23,trust_no
52,44,68473,8029,96,76502,1,trust_yes
0,1,68473,8029,1,76502,1,trust_yes
1,1,68473,8029,2,76502,2,trust_no
0,1,68473,8029,1,76502,1,trust_no
3,19,68473,8029,22,76502,14,trust_yes
0,1,68473,8029,1,76502,1,trust_no
103,0,68473,8029,103,76502,11,trust_yes
1,1,68473,8029,2,76502,41,trust_no
0,1,68473,8029,1,76502,1,trust_no
58,4,68473,8029,62,76502,170,trust_yes
0,1,68473,8029,1,76502,0,trust_no
1,1,68473,8029,2,76502,7,trust_no
0,1,68473,8029,1,76502,0,trust_no
5,0,68473,8029,5,76502,74,trust_no
5,0,11599,539,5,12138,24,trust_no
0,1,68473,8029,1,76502,0,trust_no
2,0,68473,8029,2,76502,12,trust_yes
2,1,68473,8029,3,76502,4,trust_no
1,1,68473,8029,2,76502,0,trust_no
6,1,68473,8029,7,76502,19,trust_yes
0,1,68473,8029,1,76502,0,trust_no
0,1,68473,8029,1,76502,4,trust_no
0,1,68473,8029,1,76502,1,trust_no
13,0,11330,239,13,11569,8,trust_yes
13,0,68473,8029,13,76502,9,trust_yes
19,0,68473,8029,19,76502,4,trust_yes
1,0,68473,8029,1,76502,0,trust_no
0,1,68473,8029,1,76502,0,trust_no
0,1,68473,8029,1,76502,0,trust_no
1,1,68473,8029,2,76502,0,trust_no
3,1,68473,8029,4,76502,2,trust_no
4,1,68473,8029,5,76502,15,trust_no
4,2,68473,8029,6,76502,2,trust_no
0,1,68473,8029,1,76502,1,trust_no
1,2,68473,8029,3,76502,1,trust_no
7,3,68473,8029,10,76502,19,trust_no
3,2,68473,8029,5,76502,3,trust_no
1,0,68473,8029,1,76502,2,trust_no
4,0,68473,8029,4,76502,12,trust_yes
0,1,68473,8029,1,76502,0,trust_no
1,1,68473,8029,2,76502,4,trust_no
0,1,68473,8029,1,76502,0,trust_no
4,1,68473,8029,5,76502,9,trust_no
3,1,68473,8029,4,76502,2,trust_no
1,0,68473,8029,1,76502,1,trust_no
0,1,68473,8029,1,76502,1,trust_no
3,2,2744,17,5,2761,1,trust_no
3,2,68473,8029,5,76502,4,trust_no
1,0,68473,8029,1,76502,1,trust_no
1,0,68473,8029,1,76502,1,trust_no
0,1,68473,8029,1,76502,1,trust_no
5,0,68473,8029,5,76502,11,trust_no
16,28,68473,8029,44,76502,107,trust_no
0,1,68473,8029,1,76502,1,trust_no
0,1,68473,8029,1,76502,0,trust_no
2,1,68473,8029,3,76502,1,trust_no
0,3,68473,8029,3,76502,0,trust_no
2,1,68473,8029,3,76502,1,trust_no
1,1,68473,8029,2,76502,1,trust_no
0,1,68473,8029,1,76502,1,trust_no
0,1,68473,8029,1,76502,3,trust_no
2,0,68473,8029,2,76502,2,trust_no
1,1,68473,8029,2,76502,0,trust_no
13,2,68473,8029,15,76502,105,trust_no
0,1,68473,8029,1,76502,1,trust_no
1,1,68473,8029,2,76502,6,trust_no
3,1,68473,8029,4,76502,22,trust_yes
3,0,68473,8029,3,76502,2,trust_no
0,1,68473,8029,1,76502,0,trust_no
0,1,68473,8029,1,76502,1,trust_no
4,0,68473,8029,4,76502,17,trust_yes
6,1,68473,8029,7,76502,6,trust_no
0,1,68473,8029,1,76502,0,trust_no
0,2,68473,8029,2,76502,0,trust_no
0,1,68473,8029,1,76502,1,trust_no
2,0,68473,8029,2,76502,6,trust_no
6,2,68473,8029,8,76502,5,trust_no
2,1,68473,8029,3,76502,5,trust_no
0,1,68473,8029,1,76502,0,trust_no
2,2,68473,8029,4,76502,2,trust_no
0,1,68473,8029,1,76502,0,trust_no
6,7,11330,239,13,11569,10,trust_yes
6,7,68473,8029,13,76502,15,trust_yes
6,7,2958,8,13,2966,5,trust_yes
0,1,68473,8029,1,76502,1,trust_no
0,1,68473,8029,1,76502,2,trust_no
0,1,68473,8029,1,76502,1,trust_no
0,1,68473,8029,1,76502,4,trust_no
15,5,2181,3,20,2184,4,trust_no
15,5,68473,8029,20,76502,26,trust_no
0,1,68473,8029,1,76502,0,trust_no
2,0,68473,8029,2,76502,3,trust_yes
1,1,68473,8029,2,76502,2,trust_no
1,0,68473,8029,1,76502,2,trust_no
0,1,68473,8029,1,76502,3,trust_no
1,0,68473,8029,1,76502,1,trust_no
9,8,68473,8029,17,76502,69,trust_yes
0,1,68473,8029,1,76502,3,trust_no
0,2,68473,8029,2,76502,2,trust_no
58,25,68473,8029,83,76502,35,trust_yes
1,0,68473,8029,1,76502,1,trust_no
0,1,68473,8029,1,76502,0,trust_no
0,1,68473,8029,1,76502,0,trust_no
0,2,68473,8029,2,76502,0,trust_no
4,1,68473,8029,5,76502,3,trust_no
1,0,68473,8029,1,76502,0,trust_no
2,1,68473,8029,3,76502,0,trust_no
0,1,68473,8029,1,76502,1,trust_no
2,1,68473,8029,3,76502,2,trust_no
7,1,68473,8029,8,76502,124,trust_yes
2,1,68473,8029,3,76502,1,trust_no
1,1,68473,8029,2,76502,0,trust_no
1,0,68473,8029,1,76502,0,trust_no
0,1,68473,8029,1,76502,2,trust_no
0,1,68473,8029,1,76502,0,trust_no
0,1,68473,8029,1,76502,0,trust_no
0,1,68473,8029,1,76502,0,trust_no
0,1,68473,8029,1,76502,1,trust_no
3,1,68473,8029,4,76502,7,trust_no
3,0,68473,8029,3,76502,2,trust_yes
0,1,68473,8029,1,76502,0,trust_no
0,2,68473,8029,2,76502,0,trust_no
0,1,68473,8029,1,76502,0,trust_no
1,1,68473,8029,2,76502,2,trust_no
0,1,68473,8029,1,76502,0,trust_no
0,1,68473,8029,1,76502,1,trust_no
1,2,68473,8029,3,76502,1,trust_no
0,2,68473,8029,2,76502,0,trust_no
1,0,68473,8029,1,76502,2,trust_yes
1,0,68473,8029,1,76502,0,trust_no
0,1,68473,8029,1,76502,0,trust_no
0,1,68473,8029,1,76502,1,trust_no
2,0,68473,8029,2,76502,0,trust_no
0,1,68473,8029,1,76502,2,trust_no
1,1,68473,8029,2,76502,1,trust_no
0,1,68473,8029,1,76502,3,trust_no
0,1,68473,8029,1,76502,1,trust_no
0,1,68473,8029,1,76502,1,trust_no
0,1,68473,8029,1,76502,0,trust_no
0,1,68473,8029,1,76502,3,trust_no
5,1,68473,8029,6,76502,8,trust_yes
4,2,68473,8029,6,76502,3,trust_no
5,0,68473,8029,5,76502,10,trust_yes
0,2,68473,8029,2,76502,0,trust_no
0,1,68473,8029,1,76502,1,trust_no
0,1,6319,56,1,6375,0,trust_no
0,1,68473,8029,1,76502,0,trust_no
0,1,68473,8029,1,76502,3,trust_no
0,1,68473,8029,1,76502,1,trust_no
0,1,68473,8029,1,76502,0,trust_no
0,2,68473,8029,2,76502,2,trust_no
19,3,68473,8029,22,76502,10,trust_yes
0,1,68473,8029,1,76502,5,trust_no
0,1,68473,8029,1,76502,0,trust_no
0,1,68473,8029,1,76502,1,trust_no
0,2,68473,8029,2,76502,2,trust_no
0,1,68473,8029,1,76502,2,trust_no
0,1,68473,8029,1,76502,0,trust_no
2,1,68473,8029,3,76502,4,trust_no
0,1,68473,8029,1,76502,0,trust_no
0,1,68473,8029,1,76502,2,trust_no
2,0,68473,8029,2,76502,2,trust_no
2,0,68473,8029,2,76502,4,trust_no
0,1,68473,8029,1,76502,3,trust_no
0,1,68473,8029,1,76502,3,trust_no
0,1,68473,8029,1,76502,1,trust_no
0,1,68473,8029,1,76502,1,trust_no
1,1,68473,8029,2,76502,2,trust_no
1,1,68473,8029,2,76502,15,trust_no
0,2,68473,8029,2,76502,2,trust_no
1,0,68473,8029,1,76502,13,trust_no
0,1,68473,8029,1,76502,0,trust_no
0,1,68473,8029,1,76502,4,trust_no
0,1,68473,8029,1,76502,0,trust_no
1,1,68473,8029,2,76502,0,trust_no
1,2,68473,8029,3,76502,5,trust_no
1,0,68473,8029,1,76502,0,trust_no
0,1,68473,8029,1,76502,0,trust_no
2,0,68473,8029,2,76502,2,trust_no
0,1,68473,8029,1,76502,2,trust_no
0,1,68473,8029,1,76502,0,trust_no
1,0,68473,8029,1,76502,1,trust_no
0,1,68473,8029,1,76502,1,trust_no
0,1,68473,8029,1,76502,2,trust_no
0,1,68473,8029,1,76502,0,trust_no
0,1,68473,8029,1,76502,0,trust_no
3,1,68473,8029,4,76502,3,trust_no
1,0,68473,8029,1,76502,0,trust_no
5,2,68473,8029,7,76502,8,trust_no
1,0,68473,8029,1,76502,2,trust_no
0,1,68473,8029,1,76502,1,trust_no
0,1,68473,8029,1,76502,2,trust_no
3,1,68473,8029,4,76502,4,trust_no
1,0,68473,8029,1,76502,0,trust_no
1,1,68473,8029,2,76502,1,trust_no
1,2,68473,8029,3,76502,0,trust_no
0,1,68473,8029,1,76502,1,trust_no
7,7,68473,8029,14,76502,33,trust_no
2,1,68473,8029,3,76502,0,trust_no
0,1,68473,8029,1,76502,0,trust_no
0,1,68473,8029,1,76502,0,trust_no
0,1,68473,8029,1,76502,1,trust_no
1,1,68473,8029,2,76502,5,trust_no
0,1,68473,8029,1,76502,0,trust_no
0,1,68473,8029,1,76502,0,trust_no
0,1,68473,8029,1,76502,0,trust_no
1,1,68473,8029,2,76502,1,trust_no
1,0,68473,8029,1,76502,7,trust_no
1,1,68473,8029,2,76502,1,trust_no
0,1,68473,8029,1,76502,2,trust_no
3,0,68473,8029,3,76502,3,trust_no
0,1,68473,8029,1,76502,3,trust_no
3,4,68473,8029,7,76502,5,trust_no
0,1,68473,8029,1,76502,7,trust_no
1,1,68473,8029,2,76502,6,trust_no
0,1,68473,8029,1,76502,1,trust_no
0,1,68473,8029,1,76502,0,trust_no
1,0,68473,8029,1,76502,0,trust_no
0,1,68473,8029,1,76502,1,trust_no
0,1,68473,8029,1,76502,1,trust_no
1,1,68473,8029,2,76502,7,trust_no
3,0,68473,8029,3,76502,15,trust_no
0,1,68473,8029,1,76502,2,trust_no
1,0,68473,8029,1,76502,2,trust_no
0,1,68473,8029,1,76502,1,trust_no
2,0,68473,8029,2,76502,2,trust_no
0,1,68473,8029,1,76502,3,trust_no
0,1,68473,8029,1,76502,2,trust_no
0,1,68473,8029,1,76502,2,trust_no
0,1,68473,8029,1,76502,1,trust_no
0,1,68473,8029,1,76502,1,trust_no
0,1,68473,8029,1,76502,0,trust_no
0,1,68473,8029,1,76502,0,trust_no
3,0,68473,8029,3,76502,10,trust_no
0,1,68473,8029,1,76502,1,trust_no
1,0,68473,8029,1,76502,0,trust_no
0,1,68473,8029,1,76502,1,trust_no
0,1,68473,8029,1,76502,0,trust_no
0,1,68473,8029,1,76502,0,trust_no
0,1,68473,8029,1,76502,0,trust_no
1,1,68473,8029,2,76502,1,trust_no
0,2,68473,8029,2,76502,1,trust_no
0,1,68473,8029,1,76502,0,trust_no
0,1,68473,8029,1,76502,1,trust_no
0,1,68473,8029,1,76502,0,trust_no
0,1,68473,8029,1,76502,1,trust_no
1,0,68473,8029,1,76502,0,trust_no
2,1,68473,8029,3,76502,2,trust_no
1,0,68473,8029,1,76502,1,trust_no
0,1,68473,8029,1,76502,0,trust_no
0,2,68473,8029,2,76502,0,trust_no
0,1,68473,8029,1,76502,2,trust_no
4,2,68473,8029,6,76502,4,trust_yes
4,2,3491,43,6,3534,2,trust_yes
0,1,68473,8029,1,76502,1,trust_no
1,2,68473,8029,3,76502,7,trust_no
1,1,68473,8029,2,76502,23,trust_no
0,1,68473,8029,1,76502,4,trust_no
3,0,68473,8029,3,76502,330,trust_no
0,1,68473,8029,1,76502,3,trust_no
1,0,68473,8029,1,76502,3,trust_no
1,0,68473,8029,1,76502,2,trust_no
1,1,68473,8029,2,76502,5,trust_no
0,1,68473,8029,1,76502,4,trust_no
0,1,68473,8029,1,76502,23,trust_no
0,1,68473,8029,1,76502,1,trust_no
2,1,68473,8029,3,76502,8,trust_no
2,1,68473,8029,3,76502,11,trust_no
0,1,68473,8029,1,76502,7,trust_no
0,1,68473,8029,1,76502,1,trust_no
1,1,68473,8029,2,76502,4,trust_no
0,1,68473,8029,1,76502,1,trust_no
0,1,68473,8029,1,76502,3,trust_no
1,0,68473,8029,1,76502,1,trust_no
0,1,68473,8029,1,76502,1,trust_no
2,1,68473,8029,3,76502,1,trust_no
0,1,68473,8029,1,76502,0,trust_no
0,1,68473,8029,1,76502,2,trust_no
2,1,68473,8029,3,76502,1,trust_no
0,1,68473,8029,1,76502,1,trust_no
0,2,68473,8029,2,76502,4,trust_no
0,1,68473,8029,1,76502,1,trust_no
0,1,68473,8029,1,76502,0,trust_no
0,1,68473,8029,1,76502,1,trust_no
1,1,68473,8029,2,76502,4,trust_yes
0,1,68473,8029,1,76502,1,trust_no
0,1,68473,8029,1,76502,1,trust_no
0,1,68473,8029,1,76502,1,trust_no
1,4,68473,8029,5,76502,2,trust_no
1,0,68473,8029,1,76502,3,trust_no
1,1,68473,8029,2,76502,2,trust_no
1,1,68473,8029,2,76502,5,trust_no
0,2,68473,8029,2,76502,0,trust_no
0,1,68473,8029,1,76502,0,trust_no
0,1,68473,8029,1,76502,0,trust_no
1,1,68473,8029,2,76502,0,trust_no
1,1,68473,8029,2,76502,0,trust_no
1,0,68473,8029,1,76502,1,trust_no
0,1,68473,8029,1,76502,1,trust_no
1,0,68473,8029,1,76502,0,trust_no
3,2,68473,8029,5,76502,8,trust_no
0,2,68473,8029,2,76502,1,trust_no
1,0,68473,8029,1,76502,7,trust_no
0,1,68473,8029,1,76502,6,trust_no
0,1,68473,8029,1,76502,0,trust_no
12,2,68473,8029,14,76502,16,trust_no
0,1,68473,8029,1,76502,1,trust_no
1,1,68473,8029,2,76502,2,trust_no
0,1,68473,8029,1,76502,0,trust_no
0,1,68473,8029,1,76502,0,trust_no
1,1,68473,8029,2,76502,6,trust_no
1,3,68473,8029,4,76502,0,trust_no
0,1,68473,8029,1,76502,1,trust_no
0,1,68473,8029,1,76502,2,trust_no
0,1,68473,8029,1,76502,1,trust_no
1,0,68473,8029,1,76502,2,trust_no
1,1,68473,8029,2,76502,1,trust_no
1,0,68473,8029,1,76502,0,trust_no
4,0,68473,8029,4,76502,4,trust_no
0,1,68473,8029,1,76502,0,trust_no
1,0,68473,8029,1,76502,3,trust_no
3,1,68473,8029,4,76502,0,trust_no
2,1,68473,8029,3,76502,40,trust_no
0,1,68473,8029,1,76502,1,trust_no
0,1,68473,8029,1,76502,1,trust_no
0,2,68473,8029,2,76502,8,trust_no
0,1,68473,8029,1,76502,1,trust_no
2,1,68473,8029,3,76502,1,trust_no
0,1,68473,8029,1,76502,1,trust_no
0,1,68473,8029,1,76502,1,trust_no
2,4,68473,8029,6,76502,2,trust_no
2,1,68473,8029,3,76502,21,trust_no
0,1,68473,8029,1,76502,2,trust_no
2,5,68473,8029,7,76502,3,trust_no
0,1,68473,8029,1,76502,0,trust_no
1,0,68473,8029,1,76502,6,trust_no
0,1,68473,8029,1,76502,1,trust_no
1,1,68473,8029,2,76502,0,trust_no
0,2,68473,8029,2,76502,3,trust_no
0,1,68473,8029,1,76502,2,trust_no
0,1,68473,8029,1,76502,2,trust_no
1,0,68473,8029,1,76502,1,trust_no
2,1,68473,8029,3,76502,3,trust_no
0,1,68473,8029,1,76502,0,trust_no
0,1,68473,8029,1,76502,0,trust_no
0,1,68473,8029,1,76502,1,trust_no
0,1,68473,8029,1,76502,1,trust_no
0,2,68473,8029,2,76502,1,trust_yes
0,2,11330,239,2,11569,2,trust_yes
0,1,68473,8029,1,76502,2,trust_no
3,1,68473,8029,4,76502,11,trust_no
1,1,68473,8029,2,76502,2,trust_no
0,2,68473,8029,2,76502,0,trust_no
0,3,68473,8029,3,76502,1,trust_no
1,0,68473,8029,1,76502,1,trust_no
0,1,68473,8029,1,76502,1,trust_no
1,0,68473,8029,1,76502,0,trust_no
0,1,68473,8029,1,76502,4,trust_no
0,1,68473,8029,1,76502,1,trust_no
0,2,68473,8029,2,76502,0,trust_no
1,1,68473,8029,2,76502,0,trust_no
0,1,68473,8029,1,76502,2,trust_no
2,0,68473,8029,2,76502,2,trust_yes
0,1,68473,8029,1,76502,1,trust_no
0,1,68473,8029,1,76502,0,trust_no
0,2,68473,8029,2,76502,1,trust_no
2,1,68473,8029,3,76502,4,trust_no
2,1,68473,8029,3,76502,6,trust_no
0,1,68473,8029,1,76502,0,trust_no
0,1,68473,8029,1,76502,0,trust_no
0,1,68473,8029,1,76502,1,trust_no
0,1,68473,8029,1,76502,1,trust_no
2,0,68473,8029,2,76502,1,trust_no
0,1,68473,8029,1,76502,3,trust_no
3,0,68473,8029,3,76502,16,trust_no
0,1,68473,8029,1,76502,1,trust_no
1,0,68473,8029,1,76502,3,trust_no
0,1,68473,8029,1,76502,1,trust_no
0,1,68473,8029,1,76502,0,trust_no
0,1,68473,8029,1,76502,0,trust_no
0,1,68473,8029,1,76502,1,trust_no
0,1,68473,8029,1,76502,4,trust_no
1,1,68473,8029,2,76502,2,trust_no
0,1,68473,8029,1,76502,0,trust_no
1,3,68473,8029,4,76502,12,trust_no
1,3,6319,56,4,6375,2,trust_no
0,1,68473,8029,1,76502,0,trust_no
2,1,68473,8029,3,76502,1,trust_no
0,1,68473,8029,1,76502,1,trust_no
0,1,68473,8029,1,76502,0,trust_no
0,1,68473,8029,1,76502,0,trust_no
0,1,68473,8029,1,76502,2,trust_no
1,1,68473,8029,2,76502,2,trust_no
0,1,68473,8029,1,76502,3,trust_no
0,1,68473,8029,1,76502,12,trust_no
24,4,68473,8029,28,76502,54,trust_no
1,1,68473,8029,2,76502,3,trust_no
1,1,68473,8029,2,76502,3,trust_no
3,1,68473,8029,4,76502,5,trust_no
1,1,68473,8029,2,76502,2,trust_no
0,1,68473,8029,1,76502,0,trust_no
0,1,68473,8029,1,76502,3,trust_no
1,0,68473,8029,1,76502,2,trust_no
0,1,68473,8029,1,76502,2,trust_no
77,88,68473,8029,165,76502,20,trust_no
0,2,68473,8029,2,76502,0,trust_no
1,0,68473,8029,1,76502,1,trust_no
0,1,68473,8029,1,76502,1,trust_no
4,2,68473,8029,6,76502,0,trust_no
0,1,68473,8029,1,76502,2,trust_no
0,1,68473,8029,1,76502,0,trust_no
0,1,68473,8029,1,76502,0,trust_no
2,1,68473,8029,3,76502,2,trust_no
0,1,68473,8029,1,76502,1,trust_no
39,1,68473,8029,40,76502,48,trust_no
0,1,68473,8029,1,76502,0,trust_no
0,2,68473,8029,2,76502,1,trust_no
0,1,68473,8029,1,76502,1,trust_no
0,1,68473,8029,1,76502,0,trust_no
1,1,68473,8029,2,76502,3,trust_no
1,0,68473,8029,1,76502,4,trust_no
0,1,68473,8029,1,76502,2,trust_no
6,1,68473,8029,7,76502,72,trust_no
3,2,68473,8029,5,76502,0,trust_no
3,1,68473,8029,4,76502,3,trust_yes
13,1,68473,8029,14,76502,61,trust_yes
4,0,68473,8029,4,76502,4,trust_no
0,1,68473,8029,1,76502,7,trust_no
0,1,68473,8029,1,76502,5,trust_no
3,1,68473,8029,4,76502,10,trust_no
0,1,68473,8029,1,76502,1,trust_no
0,1,68473,8029,1,76502,0,trust_no
0,1,68473,8029,1,76502,2,trust_no
6,0,68473,8029,6,76502,27,trust_yes
6,0,6319,56,6,6375,9,trust_yes
2,1,68473,8029,3,76502,10,trust_no
0,1,68473,8029,1,76502,0,trust_no
2,0,68473,8029,2,76502,0,trust_no
0,1,68473,8029,1,76502,1,trust_no
4,2,68473,8029,6,76502,48,trust_no
0,1,68473,8029,1,76502,2,trust_no
2,0,68473,8029,2,76502,2,trust_no
1,0,68473,8029,1,76502,1,trust_yes
0,1,68473,8029,1,76502,0,trust_no
0,1,68473,8029,1,76502,0,trust_no
0,1,68473,8029,1,76502,2,trust_no
0,1,68473,8029,1,76502,4,trust_no
1,1,68473,8029,2,76502,7,trust_no
0,1,68473,8029,1,76502,17,trust_no
1,0,68473,8029,1,76502,0,trust_no
3,1,68473,8029,4,76502,1,trust_no
0,1,68473,8029,1,76502,2,trust_no
0,1,68473,8029,1,76502,0,trust_no
0,1,68473,8029,1,76502,0,trust_no
0,1,68473,8029,1,76502,1,trust_no
1,0,68473,8029,1,76502,1,trust_no
0,1,68473,8029,1,76502,2,trust_no
0,1,68473,8029,1,76502,0,trust_no
0,1,68473,8029,1,76502,9,trust_no
1,0,68473,8029,1,76502,0,trust_no
0,1,68473,8029,1,76502,5,trust_no
1,1,68473,8029,2,76502,3,trust_no
0,1,68473,8029,1,76502,0,trust_no
0,1,68473,8029,1,76502,0,trust_no
2,0,68473,8029,2,76502,0,trust_no
0,1,68473,8029,1,76502,0,trust_no
0,1,68473,8029,1,76502,0,trust_no
1,2,68473,8029,3,76502,2,trust_no
0,1,68473,8029,1,76502,1,trust_no
0,1,68473,8029,1,76502,3,trust_no
2,1,68473,8029,3,76502,5,trust_no
0,1,68473,8029,1,76502,0,trust_no
0,1,68473,8029,1,76502,4,trust_no
1,1,68473,8029,2,76502,1,trust_no
2,0,68473,8029,2,76502,2,trust_no
1,0,68473,8029,1,76502,0,trust_no
0,1,68473,8029,1,76502,0,trust_no
3,0,68473,8029,3,76502,3,trust_yes
3,0,11599,539,3,12138,1,trust_yes
3,0,68473,8029,3,76502,5,trust_yes
0,1,68473,8029,1,76502,4,trust_no
0,1,68473,8029,1,76502,0,trust_no
1,0,68473,8029,1,76502,1,trust_no
9,2,68473,8029,11,76502,5,trust_no
9,2,11599,539,11,12138,2,trust_no
0,1,68473,8029,1,76502,1,trust_no
0,1,68473,8029,1,76502,1,trust_no
2,1,68473,8029,3,76502,2,trust_no
2,1,68473,8029,3,76502,4,trust_no
0,1,68473,8029,1,76502,0,trust_no
0,1,68473,8029,1,76502,1,trust_no
0,1,68473,8029,1,76502,0,trust_no
0,1,68473,8029,1,76502,0,trust_no
3,8,68473,8029,11,76502,0,trust_no
4,2,68473,8029,6,76502,12,trust_no
1,1,68473,8029,2,76502,5,trust_no
4,1,68473,8029,5,76502,9,trust_no
0,1,68473,8029,1,76502,1,trust_no
0,1,68473,8029,1,76502,0,trust_no
0,1,68473,8029,1,76502,0,trust_no
0,1,68473,8029,1,76502,1,trust_no
1,0,68473,8029,1,76502,0,trust_no
0,1,68473,8029,1,76502,5,trust_no
0,2,68473,8029,2,76502,0,trust_no
1,1,68473,8029,2,76502,1,trust_no
0,1,68473,8029,1,76502,0,trust_no
2,1,68473,8029,3,76502,10,trust_yes
0,1,68473,8029,1,76502,0,trust_no
0,1,68473,8029,1,76502,1,trust_no
1,2,68473,8029,3,76502,1,trust_no
1,2,68473,8029,3,76502,5,trust_no
36,1,68473,8029,37,76502,80,trust_no
0,2,68473,8029,2,76502,3,trust_no
1,1,68473,8029,2,76502,2,trust_no
0,1,68473,8029,1,76502,2,trust_no
0,2,68473,8029,2,76502,8,trust_no
0,1,68473,8029,1,76502,2,trust_no
0,1,68473,8029,1,76502,1,trust_no
35,14,68473,8029,49,76502,37,trust_no
0,1,68473,8029,1,76502,0,trust_no
0,1,68473,8029,1,76502,1,trust_no
1,1,68473,8029,2,76502,4,trust_no
0,1,68473,8029,1,76502,5,trust_no
2,0,68473,8029,2,76502,0,trust_no
0,2,68473,8029,2,76502,0,trust_no
5,1,68473,8029,6,76502,4,trust_no
13,1,68473,8029,14,76502,19,trust_no
1,1,68473,8029,2,76502,2,trust_no
1,0,68473,8029,1,76502,0,trust_no
7,1,68473,8029,8,76502,6,trust_no
2,0,68473,8029,2,76502,1,trust_no
2,1,68473,8029,3,76502,70,trust_no
1,0,68473,8029,1,76502,0,trust_no
0,1,68473,8029,1,76502,0,trust_no
0,1,68473,8029,1,76502,1,trust_no
1,3,68473,8029,4,76502,2,trust_no
0,1,68473,8029,1,76502,2,trust_no
0,2,68473,8029,2,76502,1,trust_no
29,0,655,2,29,657,53,trust_no
29,0,68473,8029,29,76502,97,trust_no
0,1,68473,8029,1,76502,0,trust_no
0,1,68473,8029,1,76502,1,trust_no
16,0,3548,34,16,3582,31,trust_no
16,0,1198,6,16,1204,25,trust_no
16,0,68473,8029,16,76502,41,trust_no
0,1,68473,8029,1,76502,0,trust_no
2,0,68473,8029,2,76502,27,trust_no
7,1,68473,8029,8,76502,7,trust_no
1,0,68473,8029,1,76502,0,trust_no
0,1,68473,8029,1,76502,1,trust_no
0,1,68473,8029,1,76502,0,trust_no
2,1,68473,8029,3,76502,5,trust_no
1,1,68473,8029,2,76502,1,trust_no
3,0,68473,8029,3,76502,2,trust_no
1,1,68473,8029,2,76502,2,trust_no
5,4,68473,8029,9,76502,5,trust_yes
5,4,11599,539,9,12138,5,trust_yes
0,1,68473,8029,1,76502,0,trust_no
0,1,68473,8029,1,76502,3,trust_no
85,0,68473,8029,85,76502,200,trust_yes
85,0,13054,288,85,13342,191,trust_yes
1,1,68473,8029,2,76502,2,trust_no
2,0,68473,8029,2,76502,5,trust_no
15,12,68473,8029,27,76502,21,trust_yes
0,1,68473,8029,1,76502,2,trust_no
1,1,68473,8029,2,76502,3,trust_no
1,1,68473,8029,2,76502,7,trust_no
1,0,68473,8029,1,76502,2,trust_no
1,1,68473,8029,2,76502,1,trust_no
2,1,68473,8029,3,76502,26,trust_no
2,0,68473,8029,2,76502,0,trust_no
0,1,68473,8029,1,76502,0,trust_no
13,1,68473,8029,14,76502,10,trust_yes
2,1,68473,8029,3,76502,6,trust_yes
0,1,68473,8029,1,76502,0,trust_no
0,4,68473,8029,4,76502,1,trust_no
1,1,68473,8029,2,76502,0,trust_no
1,0,68473,8029,1,76502,9,trust_no
1,0,68473,8029,1,76502,0,trust_no
0,1,68473,8029,1,76502,1,trust_no
3,0,68473,8029,3,76502,5,trust_yes
1,1,68473,8029,2,76502,3,trust_no
0,1,68473,8029,1,76502,0,trust_no
0,1,68473,8029,1,76502,0,trust_no
1,0,68473,8029,1,76502,0,trust_no
3,0,68473,8029,3,76502,8,trust_yes
0,1,68473,8029,1,76502,0,trust_no
9,1,4249,26,10,4275,13,trust_yes
0,1,68473,8029,1,76502,1,trust_no
5,0,68473,8029,5,76502,7,trust_no
1,1,68473,8029,2,76502,0,trust_no
5,0,68473,8029,5,76502,20,trust_no
0,1,68473,8029,1,76502,1,trust_no
1,1,68473,8029,2,76502,2,trust_no
1,1,68473,8029,2,76502,1,trust_no
0,1,68473,8029,1,76502,2,trust_no
0,1,68473,8029,1,76502,0,trust_no
0,1,68473,8029,1,76502,0,trust_no
1,1,68473,8029,2,76502,1,trust_no
3,2,68473,8029,5,76502,0,trust_no
1,1,68473,8029,2,76502,1,trust_no
3,1,68473,8029,4,76502,5,trust_no
8,3,11330,239,11,11569,10,trust_yes
8,3,68473,8029,11,76502,19,trust_yes
21,2,68473,8029,23,76502,38,trust_yes
1,0,68473,8029,1,76502,0,trust_no
0,1,68473,8029,1,76502,1,trust_no
0,1,68473,8029,1,76502,1,trust_no
4,2,68473,8029,6,76502,77,trust_no
4,2,68473,8029,6,76502,38,trust_no
2,1,68473,8029,3,76502,2,trust_no
1,2,68473,8029,3,76502,2,trust_no
2,1,68473,8029,3,76502,5,trust_no
17,1,68473,8029,18,76502,21,trust_no
3,1,68473,8029,4,76502,15,trust_no
0,2,68473,8029,2,76502,0,trust_no
1,0,68473,8029,1,76502,4,trust_yes
0,1,4715,21,1,4736,0,trust_no
0,1,4249,26,1,4275,0,trust_no
1,0,68473,8029,1,76502,3,trust_no
5,0,68473,8029,5,76502,1,trust_yes
0,2,68473,8029,2,76502,0,trust_no
2,0,68473,8029,2,76502,1,trust_no
0,1,68473,8029,1,76502,3,trust_no
1,0,68473,8029,1,76502,4,trust_no
1,1,68473,8029,2,76502,6,trust_no
0,1,68473,8029,1,76502,0,trust_no
0,1,68473,8029,1,76502,0,trust_no
1,0,68473,8029,1,76502,0,trust_no
0,1,68473,8029,1,76502,1,trust_no
1,1,68473,8029,2,76502,3,trust_no
1,0,68473,8029,1,76502,0,trust_no
15,1,68473,8029,16,76502,24,trust_no
0,1,68473,8029,1,76502,0,trust_no
4,0,68473,8029,4,76502,6,trust_no
1,0,68473,8029,1,76502,11,trust_no
0,1,68473,8029,1,76502,0,trust_no
0,1,68473,8029,1,76502,1,trust_no
0,1,68473,8029,1,76502,3,trust_no
7,0,68473,8029,7,76502,9,trust_no
0,1,68473,8029,1,76502,2,trust_no
10,4,68473,8029,14,76502,14,trust_no
0,1,68473,8029,1,76502,3,trust_no
0,1,68473,8029,1,76502,1,trust_no
0,1,68473,8029,1,76502,0,trust_no
2,0,68473,8029,2,76502,17,trust_no
7,0,2253,21,7,2274,3,trust_yes
7,0,68473,8029,7,76502,4,trust_yes
1,2,13054,288,3,13342,3,trust_yes
1,2,68473,8029,3,76502,3,trust_yes
11,2,68473,8029,13,76502,20,trust_no
8,2,13054,288,10,13342,9,trust_yes
8,2,68473,8029,10,76502,11,trust_yes
1,0,68473,8029,1,76502,21,trust_no
0,1,68473,8029,1,76502,4,trust_no
3,3,68473,8029,6,76502,0,trust_no
1,1,68473,8029,2,76502,4,trust_no
4,1,68473,8029,5,76502,10,trust_yes
4,0,13054,288,4,13342,2,trust_yes
0,1,68473,8029,1,76502,1,trust_no
0,1,68473,8029,1,76502,0,trust_no
0,1,68473,8029,1,76502,1,trust_no
0,1,68473,8029,1,76502,2,trust_no
0,1,68473,8029,1,76502,4,trust_no
0,1,68473,8029,1,76502,4,trust_no
1,1,68473,8029,2,76502,4,trust_no
7,17,68473,8029,24,76502,32,trust_no
1,0,68473,8029,1,76502,1,trust_no
1,1,68473,8029,2,76502,0,trust_no
0,1,68473,8029,1,76502,0,trust_no
0,1,68473,8029,1,76502,3,trust_no
0,1,68473,8029,1,76502,0,trust_no
2,1,68473,8029,3,76502,11,trust_no
0,1,68473,8029,1,76502,2,trust_no
3,1,68473,8029,4,76502,6,trust_no
0,1,68473,8029,1,76502,3,trust_no
0,1,68473,8029,1,76502,0,trust_no
1,1,68473,8029,2,76502,1,trust_no
0,1,68473,8029,1,76502,2,trust_no
0,1,68473,8029,1,76502,0,trust_no
3,0,68473,8029,3,76502,3,trust_no
0,1,68473,8029,1,76502,0,trust_no
0,1,68473,8029,1,76502,0,trust_no
0,1,68473,8029,1,76502,0,trust_no
0,1,68473,8029,1,76502,0,trust_no
2,1,68473,8029,3,76502,16,trust_no
6,1,68473,8029,7,76502,15,trust_no
4,2,68473,8029,6,76502,4,trust_no
0,1,68473,8029,1,76502,2,trust_no
1,2,68473,8029,3,76502,1,trust_no
0,1,68473,8029,1,76502,0,trust_no
1,1,68473,8029,2,76502,2,trust_no
0,1,68473,8029,1,76502,0,trust_no
15,2,68473,8029,17,76502,10,trust_no
15,2,8368,44,17,8412,8,trust_no
1,3,68473,8029,4,76502,2,trust_no
1,3,8368,44,4,8412,2,trust_no
0,1,68473,8029,1,76502,0,trust_no
2,1,68473,8029,3,76502,4,trust_no
0,1,68473,8029,1,76502,3,trust_no
1,1,68473,8029,2,76502,0,trust_no
2,0,68473,8029,2,76502,2,trust_no
10,3,68473,8029,13,76502,1,trust_no
2,1,68473,8029,3,76502,4,trust_no
13,1,68473,8029,14,76502,45,trust_no
4,17,11330,239,21,11569,17,trust_yes
4,17,68473,8029,21,76502,26,trust_yes
0,1,68473,8029,1,76502,0,trust_no
1,1,68473,8029,2,76502,1,trust_no
9,0,68473,8029,9,76502,9,trust_yes
28,2,8368,44,30,8412,22,trust_no
28,2,4181,49,30,4230,20,trust_no
28,2,68473,8029,30,76502,25,trust_no
28,2,6319,56,30,6375,21,trust_no
17,7,68473,8029,24,76502,126,trust_no
26,0,68473,8029,26,76502,34,trust_no
0,4,68473,8029,4,76502,16,trust_no
12,2,68473,8029,14,76502,27,trust_no
12,2,3491,43,14,3534,5,trust_no
0,1,68473,8029,1,76502,1,trust_no
1,0,68473,8029,1,76502,1,trust_no
5,1,68473,8029,6,76502,5,trust_no
3,0,68473,8029,3,76502,1,trust_no
1,0,68473,8029,1,76502,1,trust_no
7,1,68473,8029,8,76502,16,trust_no
21,1,68473,8029,22,76502,16,trust_no
3,0,68473,8029,3,76502,4,trust_no
3,0,6782,249,3,7031,2,trust_no
22,0,8368,44,22,8412,22,trust_no
0,3,68473,8029,3,76502,41,trust_no
0,3,5280,55,3,5335,7,trust_no
0,3,11599,539,3,12138,14,trust_no
30,12,68473,8029,42,76502,4,trust_no
0,1,68473,8029,1,76502,0,trust_no
12,4,68473,8029,16,76502,11,trust_no
207,114,68473,8029,321,76502,33,trust_no
207,114,11599,539,321,12138,25,trust_no
7,0,68473,8029,7,76502,5,trust_no
14,3,68473,8029,17,76502,161,trust_no
0,4,68473,8029,4,76502,28,trust_no
0,4,11599,539,4,12138,14,trust_no
1,0,68473,8029,1,76502,2,trust_no
7,0,68473,8029,7,76502,14,trust_no
22,0,2667,7,22,2674,19,trust_no
0,4,68473,8029,4,76502,33,trust_no
3,0,68473,8029,3,76502,1,trust_no
11,9,2736,16,20,2752,20,trust_no
11,9,11599,539,20,12138,21,trust_no
11,9,68473,8029,20,76502,28,trust_no
2,1,68473,8029,3,76502,0,trust_no
0,1,68473,8029,1,76502,2,trust_no
4,0,858,9,4,867,9,trust_yes
2,1,68473,8029,3,76502,25,trust_yes
2,0,68473,8029,2,76502,0,trust_yes
5,0,68473,8029,5,76502,5,trust_yes
5,0,5365,77,5,5442,5,trust_yes
58,0,68473,8029,58,76502,144,trust_yes
77,0,68473,8029,77,76502,182,trust_yes
77,0,5365,77,77,5442,113,trust_yes
16,0,421,0,16,421,12,trust_yes
16,0,68473,8029,16,76502,41,trust_yes
1,0,68473,8029,1,76502,5,trust_yes
3,1,68473,8029,4,76502,21,trust_yes
2,0,68473,8029,2,76502,4,trust_yes
25,0,68473,8029,25,76502,33,trust_yes
7,0,68473,8029,7,76502,28,trust_yes
3,0,68473,8029,3,76502,4,trust_yes
20,5,68473,8029,25,76502,8,trust_yes
20,5,68473,8029,25,76502,3,trust_yes
1,0,68473,8029,1,76502,1,trust_yes
5,0,68473,8029,5,76502,6,trust_yes
4,0,68473,8029,4,76502,3,trust_yes
23,0,68473,8029,23,76502,33,trust_yes
21,0,3329,22,21,3351,11,trust_yes
6,0,11599,539,6,12138,7,trust_yes
39,3,68473,8029,42,76502,1,trust_yes
25,0,68473,8029,25,76502,729,trust_yes
1,0,68473,8029,1,76502,10,trust_yes
2,0,68473,8029,2,76502,1,trust_yes
5,0,68473,8029,5,76502,5,trust_yes
20,0,68473,8029,20,76502,27,trust_yes
18,0,68473,8029,18,76502,28,trust_yes
3,0,68473,8029,3,76502,2,trust_yes
2,0,68473,8029,2,76502,4,trust_yes
9,0,68473,8029,9,76502,20,trust_yes
6,0,68473,8029,6,76502,2,trust_yes
6,0,11599,539,6,12138,2,trust_yes
6,0,68473,8029,6,76502,14,trust_yes
6,0,11599,539,6,12138,6,trust_yes
6,0,68473,8029,6,76502,4,trust_yes
2,0,68473,8029,2,76502,6,trust_yes
7,1,68473,8029,8,76502,48,trust_yes
4,1,68473,8029,5,76502,5,trust_yes
105,0,4715,21,105,4736,109,trust_yes
115,0,68473,8029,115,76502,939,trust_yes
3,0,68473,8029,3,76502,1,trust_yes
3,0,11330,239,3,11569,1,trust_yes
151,8,68473,8029,159,76502,19,trust_yes
12,0,68473,8029,12,76502,16,trust_yes
2,1,68473,8029,3,76502,1,trust_yes
109,1,1562,8,110,1570,187,trust_yes
125,2,68473,8029,127,76502,480,trust_yes
1,0,68473,8029,1,76502,0,trust_yes
29,2,68473,8029,31,76502,21,trust_yes
4,0,68473,8029,4,76502,5,trust_yes
15,0,9106,113,15,9219,48,trust_yes
127,6,68473,8029,133,76502,502,trust_yes
3,0,68473,8029,3,76502,3,trust_yes
48,1,68473,8029,49,76502,229,trust_yes
37,0,5603,37,37,5640,103,trust_yes
47,1,68473,8029,48,76502,483,trust_yes
3,0,68473,8029,3,76502,65,trust_yes
3,0,68473,8029,3,76502,1,trust_yes
9,1,68473,8029,10,76502,20,trust_yes
62,3,68473,8029,65,76502,173,trust_yes
26,0,68473,8029,26,76502,33,trust_yes
11,0,68473,8029,11,76502,63,trust_yes
9,0,68473,8029,9,76502,59,trust_yes
32,4,68473,8029,36,76502,16,trust_yes
0,1,68473,8029,1,76502,0,trust_yes
3,0,68473,8029,3,76502,1,trust_yes
2,0,68473,8029,2,76502,7,trust_yes
11,1,68473,8029,12,76502,142,trust_yes
23,0,68473,8029,23,76502,46,trust_yes
63,0,68473,8029,63,76502,190,trust_yes
8,0,68473,8029,8,76502,5,trust_yes
11,2,1144,2,13,1146,9,trust_yes
11,2,68473,8029,13,76502,13,trust_yes
52,0,68473,8029,52,76502,147,trust_yes
22,0,68473,8029,22,76502,26,trust_yes
22,0,11599,539,22,12138,22,trust_yes
22,0,68473,8029,22,76502,59,trust_yes
89,1,68473,8029,90,76502,276,trust_yes
11,0,68473,8029,11,76502,63,trust_yes
113,1,68473,8029,114,76502,244,trust_yes
4,0,68473,8029,4,76502,3,trust_yes
2,0,68473,8029,2,76502,0,trust_yes
34,0,68473,8029,34,76502,67,trust_yes
5,0,68473,8029,5,76502,26,trust_yes
15,2,68473,8029,17,76502,6,trust_yes
15,2,3491,43,17,3534,4,trust_yes
15,2,5603,37,17,5640,5,trust_yes
45,0,68473,8029,45,76502,64,trust_yes
5,2,4232,19,7,4251,11,trust_yes
5,2,68473,8029,7,76502,16,trust_yes
1,0,68473,8029,1,76502,0,trust_yes
1,0,68473,8029,1,76502,11,trust_yes
5,1,68473,8029,6,76502,12,trust_yes
2,0,68473,8029,2,76502,0,trust_yes
13,0,307,0,13,307,15,trust_yes
13,0,68473,8029,13,76502,82,trust_yes
8,0,5782,113,8,5895,6,trust_yes
8,0,68473,8029,8,76502,7,trust_yes
2,0,68473,8029,2,76502,122,trust_yes
20,1,68473,8029,21,76502,55,trust_yes
30,1,6319,56,31,6375,46,trust_yes
1,0,68473,8029,1,76502,2,trust_yes
31,1,68473,8029,32,76502,68,trust_yes
4,0,1144,2,4,1146,8,trust_yes
33,0,68473,8029,33,76502,40,trust_yes
20,1,5782,113,21,5895,11,trust_yes
23,2,68473,8029,25,76502,5,trust_yes
14,0,68473,8029,14,76502,50,trust_yes
4,0,68473,8029,4,76502,27,trust_yes
1,0,68473,8029,1,76502,3,trust_yes
3,0,68473,8029,3,76502,1,trust_yes
1,0,68473,8029,1,76502,3,trust_yes
1,0,68473,8029,1,76502,3,trust_yes
3,0,68473,8029,3,76502,34,trust_yes
3,0,68473,8029,3,76502,2,trust_yes
5,0,11330,239,5,11569,4,trust_yes
225,0,68473,8029,225,76502,718,trust_yes
225,0,9106,113,225,9219,595,trust_yes
152,8,68473,8029,160,76502,299,trust_yes
7,1,68473,8029,8,76502,7,trust_yes
7,1,11599,539,8,12138,6,trust_yes
1,0,68473,8029,1,76502,5,trust_yes
248,0,68473,8029,248,76502,1206,trust_yes
0,1,11330,239,1,11569,0,trust_yes
24,0,5782,113,24,5895,7,trust_yes
52,0,5782,113,52,5895,86,trust_yes
3,0,5782,113,3,5895,5,trust_yes
5,0,68473,8029,5,76502,18,trust_yes
95,0,5782,113,95,5895,116,trust_yes
2,0,68473,8029,2,76502,14,trust_yes
1,0,68473,8029,1,76502,0,trust_yes
1,0,5782,113,1,5895,0,trust_yes
7,0,5782,113,7,5895,17,trust_yes
7,0,68473,8029,7,76502,9,trust_yes
105,0,68473,8029,105,76502,251,trust_yes
105,0,5365,77,105,5442,170,trust_yes
26,0,5782,113,26,5895,12,trust_yes
3,0,68473,8029,3,76502,3,trust_yes
2,0,68473,8029,2,76502,3,trust_yes
16,0,5782,113,16,5895,28,trust_yes
3,0,68473,8029,3,76502,1,trust_yes
5,0,68473,8029,5,76502,4,trust_yes
3,0,68473,8029,3,76502,10,trust_yes
2,0,68473,8029,2,76502,7,trust_yes
2,0,6655,23,2,6678,2,trust_yes
7,0,68473,8029,7,76502,103,trust_yes
3,1,6319,56,4,6375,13,trust_yes
2,0,5782,113,2,5895,2,trust_yes
57,8,68473,8029,65,76502,21,trust_yes
56,0,5782,113,56,5895,139,trust_yes
10,0,68473,8029,10,76502,10,trust_yes
14,0,5782,113,14,5895,26,trust_yes
41,1,68473,8029,42,76502,150,trust_yes
18,0,68473,8029,18,76502,44,trust_yes
30,0,68473,8029,30,76502,122,trust_yes
6,0,4249,26,6,4275,6,trust_yes
7,0,68473,8029,7,76502,71,trust_yes
7,0,68473,8029,7,76502,14,trust_yes
55,0,5782,113,55,5895,69,trust_yes
55,1,68473,8029,56,76502,118,trust_yes
6,0,68473,8029,6,76502,4,trust_yes
13,0,5782,113,13,5895,18,trust_yes
39,0,68473,8029,39,76502,98,trust_yes
5,1,68473,8029,6,76502,2,trust_yes
7,1,68473,8029,8,76502,14,trust_yes
61,0,6319,56,61,6375,79,trust_yes
1,0,68473,8029,1,76502,310,trust_yes
5,0,68473,8029,5,76502,6,trust_yes
6,0,68473,8029,6,76502,47,trust_yes
6,0,5782,113,6,5895,21,trust_yes
9,0,68473,8029,9,76502,7,trust_yes
5,0,6655,23,5,6678,5,trust_yes
1,0,5782,113,1,5895,0,trust_yes
4,0,68473,8029,4,76502,13,trust_yes
4,0,5782,113,4,5895,8,trust_yes
1,0,68473,8029,1,76502,6,trust_yes
11,1,68473,8029,12,76502,15,trust_yes
11,0,68473,8029,11,76502,28,trust_yes
33,0,68473,8029,33,76502,61,trust_yes
33,0,6319,56,33,6375,40,trust_yes
35,0,68473,8029,35,76502,34,trust_yes
2,0,68473,8029,2,76502,2,trust_yes
7,0,68473,8029,7,76502,40,trust_yes
4,0,68473,8029,4,76502,7,trust_yes
3,0,68473,8029,3,76502,117,trust_yes
2,0,68473,8029,2,76502,3,trust_yes
2,0,68473,8029,2,76502,8,trust_yes
95,0,68473,8029,95,76502,451,trust_yes
60,3,68473,8029,63,76502,43,trust_yes
5,0,68473,8029,5,76502,5,trust_yes
3,0,68473,8029,3,76502,10,trust_yes
74,0,4004,58,74,4062,14,trust_yes
74,0,68473,8029,74,76502,17,trust_yes
68,2,68473,8029,70,76502,133,trust_yes
68,2,13054,288,70,13342,113,trust_yes
1,0,68473,8029,1,76502,11,trust_yes
2,1,13054,288,3,13342,2,trust_yes
27,0,68473,8029,27,76502,164,trust_yes
19,0,13054,288,19,13342,36,trust_yes
19,0,68473,8029,19,76502,45,trust_yes
26,0,68473,8029,26,76502,46,trust_yes
120,4,68473,8029,124,76502,216,trust_yes
120,4,13054,288,124,13342,198,trust_yes
11,0,13054,288,11,13342,9,trust_yes
11,0,68473,8029,11,76502,10,trust_yes
8,0,68473,8029,8,76502,53,trust_yes
1,0,68473,8029,1,76502,7,trust_yes
43,0,1431,2,43,1433,49,trust_yes
43,0,68473,8029,43,76502,89,trust_yes
43,0,4004,58,43,4062,48,trust_yes
12,1,68473,8029,13,76502,21,trust_yes
3,0,13054,288,3,13342,4,trust_yes
3,0,68473,8029,3,76502,11,trust_yes
1,0,68473,8029,1,76502,1,trust_yes
9,0,68473,8029,9,76502,14,trust_yes
4,0,68473,8029,4,76502,11,trust_yes
5,0,6319,56,5,6375,5,trust_yes
3,1,68473,8029,4,76502,27,trust_yes
7,1,68473,8029,8,76502,9,trust_yes
28,0,68473,8029,28,76502,5,trust_yes
1,2,68473,8029,3,76502,4,trust_yes
2,0,68473,8029,2,76502,2,trust_yes
3,0,68473,8029,3,76502,3,trust_yes
1,0,68473,8029,1,76502,12,trust_yes
16,3,68473,8029,19,76502,30,trust_yes
2,0,68473,8029,2,76502,260,trust_yes
2,0,68473,8029,2,76502,1,trust_yes
2,0,68473,8029,2,76502,9,trust_yes
22,4,68473,8029,26,76502,48,trust_yes
22,4,3484,28,26,3512,23,trust_yes
22,4,776,5,26,781,16,trust_yes
7,1,68473,8029,8,76502,70,trust_yes
9,0,68473,8029,9,76502,47,trust_yes
24,0,68473,8029,24,76502,77,trust_yes
2,0,68473,8029,2,76502,2,trust_yes
6,0,68473,8029,6,76502,38,trust_yes
27,0,842,3,27,845,46,trust_yes
27,0,3548,34,27,3582,41,trust_yes
27,0,68473,8029,27,76502,77,trust_yes
3,0,68473,8029,3,76502,26,trust_yes
1,0,68473,8029,1,76502,18,trust_no
7,1,68473,8029,8,76502,144,trust_yes
4,2,68473,8029,6,76502,56,trust_yes
2,0,68473,8029,2,76502,1,trust_yes
78,2,13054,288,80,13342,163,trust_yes
78,2,68473,8029,80,76502,186,trust_yes
1,0,68473,8029,1,76502,2,trust_yes
3,0,68473,8029,3,76502,0,trust_yes
5,0,68473,8029,5,76502,13,trust_yes
12,0,68473,8029,12,76502,1,trust_yes
27,0,68473,8029,27,76502,31,trust_yes
1,0,68473,8029,1,76502,1,trust_yes
3,0,68473,8029,3,76502,3,trust_yes
3,0,6655,23,3,6678,3,trust_yes
5,0,68473,8029,5,76502,4,trust_yes
71,0,5280,55,71,5335,368,trust_yes
71,0,11599,539,71,12138,386,trust_yes
71,0,68473,8029,71,76502,434,trust_yes
23,2,68473,8029,25,76502,8,trust_yes
4,0,68473,8029,4,76502,3,trust_yes
4,0,11599,539,4,12138,2,trust_yes
101,0,68473,8029,101,76502,283,trust_yes
3,0,68473,8029,3,76502,9,trust_yes
4,0,68473,8029,4,76502,6,trust_yes
30,0,5782,113,30,5895,37,trust_yes
30,0,68473,8029,30,76502,57,trust_yes
17,1,68473,8029,18,76502,58,trust_yes
12,0,68473,8029,12,76502,13,trust_yes
151,3,68473,8029,154,76502,555,trust_yes
69,6,68473,8029,75,76502,56,trust_yes
82,5,68473,8029,87,76502,16,trust_yes
82,5,6782,249,87,7031,8,trust_yes
3,0,68473,8029,3,76502,3,trust_yes
1,0,68473,8029,1,76502,2,trust_yes
13,0,68473,8029,13,76502,20,trust_yes
13,0,6782,249,13,7031,12,trust_yes
3,0,6782,249,3,7031,2,trust_yes
3,0,9106,113,3,9219,2,trust_yes
3,0,68473,8029,3,76502,2,trust_yes
11,0,68473,8029,11,76502,11,trust_yes
11,0,5280,55,11,5335,10,trust_yes
11,0,2903,15,11,2918,3,trust_yes
11,0,68473,8029,11,76502,3,trust_yes
11,0,6782,249,11,7031,2,trust_yes
92,3,68473,8029,95,76502,14,trust_yes
92,3,4715,21,95,4736,6,trust_yes
92,3,2381,11,95,2392,7,trust_yes
151,2,6782,249,153,7031,470,trust_yes
1,1,68473,8029,2,76502,1,trust_yes
3,0,5782,113,3,5895,5,trust_yes
1,0,11330,239,1,11569,0,trust_yes
3,0,6782,249,3,7031,1,trust_yes
5,0,68473,8029,5,76502,8,trust_yes
5,0,6782,249,5,7031,4,trust_yes
8,0,68473,8029,8,76502,350,trust_yes
3,0,68473,8029,3,76502,1,trust_yes
3,0,6319,56,3,6375,1,trust_yes
1,0,68473,8029,1,76502,1542,trust_yes
2,0,68473,8029,2,76502,11,trust_yes
1,0,68473,8029,1,76502,6,trust_yes
30,0,68473,8029,30,76502,7,trust_yes
13,0,68473,8029,13,76502,48,trust_yes
3,0,68473,8029,3,76502,4,trust_yes
3,0,68473,8029,3,76502,5,trust_yes
6,0,68473,8029,6,76502,3,trust_yes
1,0,68473,8029,1,76502,7,trust_yes
9,0,6319,56,9,6375,7,trust_yes
1,0,68473,8029,1,76502,3,trust_yes
5,0,68473,8029,5,76502,31,trust_yes
3,0,68473,8029,3,76502,2,trust_yes
0,1,68473,8029,1,76502,29,trust_yes
16,1,68473,8029,17,76502,13,trust_yes
3,0,4004,58,3,4062,1,trust_yes
3,0,68473,8029,3,76502,1,trust_yes
6,0,68473,8029,6,76502,9,trust_yes
18,0,68473,8029,18,76502,63,trust_yes
18,0,5782,113,18,5895,41,trust_yes
5,0,68473,8029,5,76502,11,trust_yes
7,0,68473,8029,7,76502,59,trust_yes
10,5,68473,8029,15,76502,64,trust_yes
13,2,68473,8029,15,76502,3,trust_yes
1,0,5782,113,1,5895,0,trust_yes
14,0,68473,8029,14,76502,4,trust_yes
11,1,68473,8029,12,76502,8,trust_yes
11,0,68473,8029,11,76502,14,trust_yes
11,0,11599,539,11,12138,11,trust_yes
8,0,68473,8029,8,76502,38,trust_yes
23,3,68473,8029,26,76502,1691,trust_yes
6,0,68473,8029,6,76502,1,trust_yes
24,3,68473,8029,27,76502,29,trust_yes
24,3,922,1,27,923,21,trust_yes
24,3,11599,539,27,12138,28,trust_yes
6,2,68473,8029,8,76502,44,trust_yes
1,0,68473,8029,1,76502,8,trust_yes
63,2,68473,8029,65,76502,354,trust_yes
37,1,68473,8029,38,76502,126,trust_yes
20,2,11599,539,22,12138,17,trust_yes
20,2,68473,8029,22,76502,23,trust_yes
94,6,68473,8029,100,76502,652,trust_yes
18,0,11599,539,18,12138,20,trust_yes
18,0,68473,8029,18,76502,26,trust_yes
13,0,5782,113,13,5895,23,trust_yes
5,0,68473,8029,5,76502,3,trust_yes
5,0,8368,44,5,8412,3,trust_yes
16,0,8368,44,16,8412,60,trust_yes
9,0,11599,539,9,12138,8,trust_yes
9,0,68473,8029,9,76502,32,trust_yes
34,0,68473,8029,34,76502,49,trust_yes
33,5,8368,44,38,8412,290,trust_yes
2,0,68473,8029,2,76502,7,trust_yes
2,0,11599,539,2,12138,4,trust_yes
4,0,68473,8029,4,76502,51,trust_yes
24,1,68473,8029,25,76502,74,trust_yes
22,0,68473,8029,22,76502,33,trust_yes
2,0,68473,8029,2,76502,0,trust_yes
5,0,68473,8029,5,76502,28,trust_yes
162,1,68473,8029,163,76502,484,trust_yes
52,30,68473,8029,82,76502,239,trust_yes
52,30,1023,14,82,1037,128,trust_yes
9,0,68473,8029,9,76502,13,trust_yes
2,0,68473,8029,2,76502,4,trust_yes
11,0,5280,55,11,5335,5,trust_yes
11,0,6655,23,11,6678,6,trust_yes
11,0,68473,8029,11,76502,6,trust_yes
19,0,68473,8029,19,76502,294,trust_yes
10,0,68473,8029,10,76502,24,trust_yes
6,1,68473,8029,7,76502,10,trust_yes
22,0,1231,0,22,1231,76,trust_yes
5,0,68473,8029,5,76502,6,trust_yes
1,0,6655,23,1,6678,5,trust_yes
5,0,68473,8029,5,76502,22,trust_yes
9,0,68473,8029,9,76502,44,trust_yes
7,0,68473,8029,7,76502,19,trust_yes
7,0,5603,37,7,5640,16,trust_yes
2,0,68473,8029,2,76502,4,trust_yes
1,0,68473,8029,1,76502,9,trust_yes
106,4,68473,8029,110,76502,527,trust_yes
2,0,68473,8029,2,76502,16,trust_yes
1,0,68473,8029,1,76502,12,trust_yes
82,0,120,2,82,122,39,trust_yes
82,0,68473,8029,82,76502,91,trust_yes
1,0,68473,8029,1,76502,2,trust_yes
5,0,68473,8029,5,76502,43,trust_yes
24,0,6319,56,24,6375,34,trust_yes
24,0,68473,8029,24,76502,35,trust_yes
6,0,68473,8029,6,76502,23,trust_yes
2,0,8368,44,2,8412,21,trust_yes
8,0,68473,8029,8,76502,11,trust_yes
16,4,68473,8029,20,76502,33,trust_yes
1,0,68473,8029,1,76502,1,trust_yes
17,1,2413,15,18,2428,64,trust_yes
23,1,68473,8029,24,76502,65,trust_yes
23,0,68473,8029,23,76502,277,trust_yes
0,1,11599,539,1,12138,2,trust_yes
12,1,68473,8029,13,76502,29,trust_yes
5,0,68473,8029,5,76502,32,trust_yes
2,1,11599,539,3,12138,4,trust_yes
8,3,68473,8029,11,76502,1,trust_yes
71,7,11599,539,78,12138,20,trust_yes
76,0,68473,8029,76,76502,141,trust_yes
76,0,9106,113,76,9219,117,trust_yes
5,0,68473,8029,5,76502,4,trust_yes
59,0,68473,8029,59,76502,51,trust_yes
6,0,68473,8029,6,76502,4,trust_yes
71,1,68473,8029,72,76502,162,trust_yes
36,4,68473,8029,40,76502,465,trust_yes
11,0,68473,8029,11,76502,49,trust_yes
4,0,68473,8029,4,76502,4,trust_yes
2,0,68473,8029,2,76502,3,trust_yes
54,0,5280,55,54,5335,187,trust_yes
54,0,6655,23,54,6678,203,trust_yes
54,0,68473,8029,54,76502,236,trust_yes
16,3,19,0,19,19,4,trust_yes
6,0,68473,8029,6,76502,53,trust_yes
15,2,68473,8029,17,76502,41,trust_yes
15,2,8368,44,17,8412,19,trust_yes
1,1,68473,8029,2,76502,3,trust_yes
6,0,68473,8029,6,76502,3,trust_yes
4,0,2253,21,4,2274,2,trust_yes
4,0,68473,8029,4,76502,2,trust_yes
7,0,68473,8029,7,76502,5,trust_yes
82,0,2253,21,82,2274,75,trust_yes
70,5,11599,539,75,12138,72,trust_yes
70,5,68473,8029,75,76502,120,trust_yes
70,5,9106,113,75,9219,100,trust_yes
70,5,2359,11,75,2370,65,trust_yes
70,5,5280,55,75,5335,59,trust_yes
9,3,68473,8029,12,76502,6,trust_yes
6,0,68473,8029,6,76502,8,trust_yes
1,0,68473,8029,1,76502,1,trust_yes
11,0,68473,8029,11,76502,11,trust_yes
7,0,68473,8029,7,76502,155,trust_yes
17,2,68473,8029,19,76502,17,trust_yes
1,0,68473,8029,1,76502,3,trust_yes
1,0,68473,8029,1,76502,19,trust_yes
3,3,68473,8029,6,76502,5,trust_yes
151,8,495,7,159,502,10,trust_yes
59,0,495,7,59,502,28,trust_yes
3,0,68473,8029,3,76502,2,trust_yes
8,0,68473,8029,8,76502,3,trust_yes
1,0,68473,8029,1,76502,0,trust_yes
4,0,68473,8029,4,76502,5,trust_yes
87,0,68473,8029,87,76502,261,trust_yes
74,0,495,7,74,502,12,trust_yes
72,1,4181,49,73,4230,230,trust_yes
35,0,68473,8029,35,76502,18,trust_yes
3,0,3329,22,3,3351,1,trust_yes
4,0,68473,8029,4,76502,9,trust_yes
12,0,68473,8029,12,76502,10,trust_yes
1,0,68473,8029,1,76502,22,trust_yes
1,0,68473,8029,1,76502,2,trust_yes
19,0,68473,8029,19,76502,141,trust_yes
50,0,68473,8029,50,76502,70,trust_yes
43,0,68473,8029,43,76502,91,trust_yes
11,0,68473,8029,11,76502,48,trust_yes
3,0,68473,8029,3,76502,6,trust_yes
4,0,68473,8029,4,76502,26,trust_yes
3,0,68473,8029,3,76502,4,trust_yes
3,0,11599,539,3,12138,4,trust_yes
133,1,68473,8029,134,76502,233,trust_yes
2,2,68473,8029,4,76502,4,trust_yes
2,2,5603,37,4,5640,2,trust_yes
4,1,68473,8029,5,76502,32,trust_yes
12,0,68473,8029,12,76502,27,trust_yes
2,0,68473,8029,2,76502,7,trust_yes
105,0,2181,3,105,2184,111,trust_yes
52,0,68473,8029,52,76502,122,trust_yes
8,0,5280,55,8,5335,6,trust_yes
8,0,11599,539,8,12138,9,trust_yes
8,0,68473,8029,8,76502,10,trust_yes
14,0,68473,8029,14,76502,17,trust_yes
2,0,68473,8029,2,76502,3,trust_yes
10,2,68473,8029,12,76502,10,trust_yes
109,1,68473,8029,110,76502,388,trust_yes
15,1,68473,8029,16,76502,4,trust_yes
2,0,68473,8029,2,76502,61,trust_yes
188,0,68473,8029,188,76502,510,trust_yes
188,0,147,0,188,147,72,trust_yes
49,0,2359,11,49,2370,113,trust_yes
49,0,68473,8029,49,76502,133,trust_yes
20,0,464,0,20,464,14,trust_yes
20,0,68473,8029,20,76502,40,trust_yes
4,0,68473,8029,4,76502,3,trust_yes
1,0,68473,8029,1,76502,0,trust_yes
12,0,68473,8029,12,76502,13,trust_yes
16,3,68473,8029,19,76502,9,trust_yes
6,0,68473,8029,6,76502,1,trust_yes
9,0,68473,8029,9,76502,10,trust_yes
9,0,5365,77,9,5442,8,trust_yes
7,0,68473,8029,7,76502,14,trust_yes
7,0,11599,539,7,12138,7,trust_yes
82,0,9106,113,82,9219,507,trust_yes
82,0,68473,8029,82,76502,530,trust_yes
2,0,68473,8029,2,76502,4,trust_yes
105,0,68473,8029,105,76502,206,trust_yes
9,0,68473,8029,9,76502,4,trust_yes
3,0,68473,8029,3,76502,18,trust_yes
3,0,5365,77,3,5442,5,trust_yes
0,1,68473,8029,1,76502,1,trust_yes
105,0,11599,539,105,12138,159,trust_yes
2,0,68473,8029,2,76502,1,trust_yes
3,1,68473,8029,4,76502,159,trust_yes
1,1,68473,8029,2,76502,4,trust_yes
1,1,68473,8029,2,76502,1,trust_yes
1,1,68473,8029,2,76502,0,trust_yes
2,0,68473,8029,2,76502,6,trust_yes
2,0,4004,58,2,4062,2,trust_yes
249,1,68473,8029,250,76502,1025,trust_yes
3,0,68473,8029,3,76502,8,trust_yes
1,0,68473,8029,1,76502,1,trust_yes
4,0,68473,8029,4,76502,16,trust_yes
1,0,68473,8029,1,76502,0,trust_yes
50,0,5365,77,50,5442,41,trust_yes
23,8,68473,8029,31,76502,30,trust_yes
23,8,11599,539,31,12138,15,trust_yes
6,0,68473,8029,6,76502,5,trust_yes
24,2,68473,8029,26,76502,25,trust_yes
24,2,5365,77,26,5442,24,trust_yes
6,0,68473,8029,6,76502,7,trust_yes
4,0,68473,8029,4,76502,3,trust_yes
60,2,2253,21,62,2274,261,trust_yes
42,0,3788,4,42,3792,34,trust_yes
105,0,9106,113,105,9219,163,trust_yes
105,0,2397,1,105,2398,101,trust_yes
3,0,5603,37,3,5640,3,trust_yes
7,0,68473,8029,7,76502,11,trust_yes
74,0,8368,44,74,8412,10,trust_yes
8,0,68473,8029,8,76502,5,trust_yes
8,0,68473,8029,8,76502,50,trust_yes
85,0,3484,28,85,3512,205,trust_yes
2,0,68473,8029,2,76502,2,trust_yes
38,0,68473,8029,38,76502,238,trust_yes
9,0,68473,8029,9,76502,10,trust_yes
0,1,68473,8029,1,76502,3,trust_yes
7,0,68473,8029,7,76502,14,trust_yes
136,1,68473,8029,137,76502,436,trust_yes
136,1,875,2,137,877,163,trust_yes
5,2,68473,8029,7,76502,4,trust_yes
5,2,11599,539,7,12138,3,trust_yes
110,0,11599,539,110,12138,1104,trust_yes
110,0,5280,55,110,5335,1162,trust_yes
2,2,68473,8029,4,76502,3,trust_yes
2,2,4004,58,4,4062,1,trust_yes
3,0,68473,8029,3,76502,18,trust_yes
1,0,68473,8029,1,76502,1,trust_yes
14,0,68473,8029,14,76502,27,trust_yes
10,0,11599,539,10,12138,11,trust_yes
10,0,68473,8029,10,76502,17,trust_yes
5,0,68473,8029,5,76502,3,trust_yes
7,0,68473,8029,7,76502,34,trust_yes
56,0,13054,288,56,13342,191,trust_yes
2,0,68473,8029,2,76502,0,trust_yes
2,0,68473,8029,2,76502,0,trust_yes
6,0,68473,8029,6,76502,14,trust_yes
0,1,68473,8029,1,76502,2,trust_yes
31,2,68473,8029,33,76502,38,trust_yes
6,0,68473,8029,6,76502,58,trust_yes
82,5,475,4,87,479,11,trust_yes
1,0,68473,8029,1,76502,1,trust_yes
4,1,68473,8029,5,76502,8,trust_yes
32,0,68473,8029,32,76502,2616,trust_yes
11,0,68473,8029,11,76502,16,trust_yes
7,0,2535,10,7,2545,10,trust_yes
7,0,5782,113,7,5895,8,trust_yes
18,2,68473,8029,20,76502,6,trust_yes
5,0,68473,8029,5,76502,57,trust_yes
7,0,68473,8029,7,76502,20,trust_yes
6,0,6319,56,6,6375,7,trust_yes
39,1,875,2,40,877,35,trust_yes
39,1,2789,8,40,2797,91,trust_yes
39,1,68473,8029,40,76502,115,trust_yes
35,3,68473,8029,38,76502,72,trust_yes
41,0,68473,8029,41,76502,54,trust_yes
6,0,68473,8029,6,76502,14,trust_yes
6,0,11599,539,6,12138,4,trust_yes
151,8,11599,539,159,12138,15,trust_yes
4,0,68473,8029,4,76502,10,trust_yes
45,1,68473,8029,46,76502,109,trust_yes
11,0,68473,8029,11,76502,22,trust_yes
11,0,11599,539,11,12138,14,trust_yes
53,0,68473,8029,53,76502,1632,trust_yes
24,0,68473,8029,24,76502,37,trust_yes
13,0,68473,8029,13,76502,8,trust_yes
21,0,68473,8029,21,76502,29,trust_yes
21,0,3491,43,21,3534,11,trust_yes
81,1,11599,539,82,12138,715,trust_yes
3,2,68473,8029,5,76502,4,trust_yes
5,0,68473,8029,5,76502,87,trust_yes
26,0,2789,8,26,2797,19,trust_yes
26,0,11599,539,26,12138,23,trust_yes
1,0,68473,8029,1,76502,0,trust_yes
23,0,68473,8029,23,76502,23,trust_yes
23,0,11599,539,23,12138,18,trust_yes
6,0,3484,28,6,3512,5,trust_yes
6,0,5603,37,6,5640,4,trust_yes
6,0,1083,17,6,1100,4,trust_yes
3,0,68473,8029,3,76502,5,trust_yes
1,0,68473,8029,1,76502,8,trust_no
10,0,11599,539,10,12138,22,trust_yes
10,0,68473,8029,10,76502,26,trust_yes
10,0,2736,16,10,2752,24,trust_yes
2,1,68473,8029,3,76502,0,trust_yes
13,0,68473,8029,13,76502,14,trust_yes
3,0,2253,21,3,2274,3,trust_yes
91,1,68473,8029,92,76502,230,trust_yes
1,0,68473,8029,1,76502,5,trust_yes
6,2,68473,8029,8,76502,1,trust_yes
10,1,68473,8029,11,76502,10,trust_yes
82,5,4004,58,87,4062,12,trust_yes
7,0,4004,58,7,4062,2,trust_yes
7,0,68473,8029,7,76502,4,trust_yes
29,0,68473,8029,29,76502,29,trust_yes
63,0,68473,8029,63,76502,114,trust_yes
1,0,68473,8029,1,76502,1,trust_yes
7,0,68473,8029,7,76502,3,trust_yes
7,0,11599,539,7,12138,3,trust_yes
4,0,2736,16,4,2752,2,trust_yes
4,0,68473,8029,4,76502,3,trust_yes
1,0,68473,8029,1,76502,0,trust_yes
4,0,68473,8029,4,76502,2,trust_yes
31,0,68473,8029,31,76502,94,trust_yes
1,0,68473,8029,1,76502,3,trust_yes
210,0,68473,8029,210,76502,887,trust_yes
32,1,68473,8029,33,76502,72,trust_yes
4,0,68473,8029,4,76502,6,trust_yes
10,2,68473,8029,12,76502,15,trust_yes
10,2,11599,539,12,12138,12,trust_yes
3,0,68473,8029,3,76502,4,trust_yes
1,0,68473,8029,1,76502,4,trust_yes
7,0,68473,8029,7,76502,27,trust_yes
2,1,68473,8029,3,76502,5,trust_yes
9,0,68473,8029,9,76502,12,trust_yes
9,0,11599,539,9,12138,7,trust_yes
2,0,68473,8029,2,76502,11,trust_yes
5,0,68473,8029,5,76502,11,trust_yes
5,0,11599,539,5,12138,7,trust_yes
11,0,68473,8029,11,76502,20,trust_yes
11,0,11599,539,11,12138,16,trust_yes
94,1,68473,8029,95,76502,158,trust_yes
11,0,11599,539,11,12138,2,trust_yes
2,0,68473,8029,2,76502,1,trust_yes
12,0,68473,8029,12,76502,13,trust_yes
12,0,11599,539,12,12138,7,trust_yes
3,0,68473,8029,3,76502,1,trust_yes
3,0,11599,539,3,12138,1,trust_yes
18,0,6319,56,18,6375,19,trust_yes
18,0,475,4,18,479,13,trust_yes
18,0,68473,8029,18,76502,19,trust_yes
18,0,8368,44,18,8412,20,trust_yes
3,0,11330,239,3,11569,1,trust_yes
2,0,5424,28,2,5452,0,trust_yes
1,0,11330,239,1,11569,1,trust_yes
10,0,869,1,10,870,4,trust_yes
2,0,11330,239,2,11569,0,trust_yes
75,1,8368,44,76,8412,168,trust_yes
23,0,11330,239,23,11569,24,trust_yes
53,1,2413,15,54,2428,39,trust_yes
21,0,9106,113,21,9219,14,trust_no
21,0,2263,2,21,2265,5,trust_no
45,1,2413,15,46,2428,38,trust_yes
4,0,11330,239,4,11569,2,trust_yes
4,0,5424,28,4,5452,2,trust_yes
12,0,3548,34,12,3582,10,trust_yes
6,1,11330,239,7,11569,7,trust_yes
4,0,11330,239,4,11569,2,trust_yes
2,0,11330,239,2,11569,0,trust_yes
3,0,6782,249,3,7031,1,trust_yes
24,0,6782,249,24,7031,36,trust_yes
4,0,11330,239,4,11569,5,trust_yes
0,1,11330,239,1,11569,1,trust_yes
1,0,11330,239,1,11569,4,trust_yes
7,0,8368,44,7,8412,6,trust_yes
1,0,11330,239,1,11569,8,trust_yes
5,0,11330,239,5,11569,8,trust_yes
5,0,1562,8,5,1570,4,trust_yes
6,0,11330,239,6,11569,8,trust_yes
9,0,11330,239,9,11569,7,trust_yes
2,0,11330,239,2,11569,0,trust_yes
6,0,5782,113,6,5895,15,trust_yes
2,0,11330,239,2,11569,2,trust_yes
2,1,11330,239,3,11569,0,trust_yes
41,1,611,2,42,613,59,trust_yes
15,0,1562,8,15,1570,12,trust_yes
4,0,11330,239,4,11569,4,trust_yes
4,0,3548,34,4,3582,4,trust_yes
4,0,5365,77,4,5442,5,trust_yes
3,0,11330,239,3,11569,4,trust_yes
20,0,3548,34,20,3582,19,trust_yes
20,0,4232,19,20,4251,20,trust_yes
37,0,3548,34,37,3582,39,trust_yes
21,0,3548,34,21,3582,33,trust_yes
2,0,11330,239,2,11569,0,trust_yes
7,0,9106,113,7,9219,9,trust_yes
80,0,2535,10,80,2545,225,trust_yes
25,0,306,0,25,306,38,trust_yes
27,0,6655,23,27,6678,59,trust_yes
3,0,1327,2,3,1329,1,trust_yes
26,0,6655,23,26,6678,34,trust_yes
47,0,2413,15,47,2428,59,trust_yes
2,0,11330,239,2,11569,0,trust_yes
9,0,5424,28,9,5452,115,trust_yes
5,0,11330,239,5,11569,4,trust_yes
3,0,11330,239,3,11569,1,trust_yes
14,0,11330,239,14,11569,15,trust_yes
4,0,4232,19,4,4251,5,trust_yes
4,0,922,1,4,923,12,trust_yes
10,0,11330,239,10,11569,14,trust_yes
2,0,5424,28,2,5452,6,trust_yes
3,0,3290,7,3,3297,3,trust_yes
105,0,6655,23,105,6678,143,trust_yes
2,0,773,0,2,773,0,trust_yes
2,0,4803,46,2,4849,2,trust_yes
5,0,2359,11,5,2370,7,trust_yes
3,0,4803,46,3,4849,1,trust_yes
3,0,5424,28,3,5452,1,trust_yes
3,0,11330,239,3,11569,2,trust_yes
2,0,6655,23,2,6678,0,trust_yes
19,0,6655,23,19,6678,18,trust_yes
69,0,2131,1,69,2132,172,trust_yes
3,0,4004,58,3,4062,2,trust_no
4,0,13054,288,4,13342,2,trust_yes
3,0,5424,28,3,5452,3,trust_yes
3,0,1465,2,3,1467,3,trust_yes
12,0,5424,28,12,5452,28,trust_yes
19,0,5424,28,19,5452,53,trust_yes
82,1,851,1,83,852,77,trust_yes
127,0,5424,28,127,5452,392,trust_yes
45,0,6655,23,45,6678,82,trust_yes
43,0,11599,539,43,12138,48,trust_yes
105,0,2253,21,105,2274,137,trust_yes
9,0,449,0,9,449,7,trust_yes
3,0,653,2,3,655,0,trust_yes
37,0,2181,3,37,2184,32,trust_yes
105,0,653,2,105,655,103,trust_yes
42,0,922,1,42,923,60,trust_yes
42,0,9106,113,42,9219,93,trust_yes
42,0,2397,1,42,2398,79,trust_yes
31,0,5424,28,31,5452,31,trust_yes
14,0,253,0,14,253,16,trust_yes
2,0,5424,28,2,5452,2,trust_yes
26,1,6655,23,27,6678,25,trust_no
39,0,5424,28,39,5452,49,trust_yes
30,0,5424,28,30,5452,100,trust_yes
7,0,5424,28,7,5452,5,trust_yes
60,2,2958,8,62,2966,282,trust_yes
5,0,5424,28,5,5452,5,trust_yes
59,0,11599,539,59,12138,76,trust_yes
4,0,5424,28,4,5452,14,trust_yes
5,1,4803,46,6,4849,10,trust_yes
160,33,11599,539,193,12138,136,trust_yes
1,0,6655,23,1,6678,1,trust_yes
39,0,2413,15,39,2428,64,trust_yes
23,0,4715,21,23,4736,111,trust_yes
28,0,2413,15,28,2428,40,trust_yes
29,0,13054,288,29,13342,71,trust_yes
4,0,2413,15,4,2428,2,trust_yes
4,0,13054,288,4,13342,3,trust_yes
37,0,13054,288,37,13342,68,trust_no
3,0,2535,10,3,2545,2,trust_yes
5,0,13054,288,5,13342,5,trust_yes
4,2,6782,249,6,7031,2,trust_yes
4,2,3698,20,6,3718,2,trust_yes
3,0,5365,77,3,5442,3,trust_yes
5,0,858,9,5,867,3,trust_yes
19,0,2535,10,19,2545,14,trust_yes
31,2,3484,28,33,3512,29,trust_yes
2,0,13054,288,2,13342,8,trust_yes
1,0,13054,288,1,13342,7,trust_yes
3,0,13054,288,3,13342,7,trust_yes
3,0,13054,288,3,13342,2,trust_yes
151,2,5365,77,153,5442,444,trust_yes
37,0,13054,288,37,13342,119,trust_yes
16,1,13054,288,17,13342,41,trust_yes
38,1,13054,288,39,13342,111,trust_yes
4,0,13054,288,4,13342,6,trust_yes
6,0,13054,288,6,13342,6,trust_yes
8,0,13054,288,8,13342,10,trust_yes
17,2,13054,288,19,13342,43,trust_yes
2,0,13054,288,2,13342,1,trust_yes
19,0,13054,288,19,13342,29,trust_yes
3,0,13054,288,3,13342,2,trust_yes
74,13,1562,8,87,1570,25,trust_yes
4,1,13054,288,5,13342,6,trust_yes
12,1,13054,288,13,13342,5,trust_yes
21,0,2965,2,21,2967,13,trust_yes
8,0,3484,28,8,3512,5,trust_yes
16,2,6782,249,18,7031,22,trust_yes
15,0,6782,249,15,7031,15,trust_yes
8,0,9106,113,8,9219,9,trust_yes
8,0,6782,249,8,7031,7,trust_yes
151,2,4232,19,153,4251,478,trust_yes
151,2,1333,1,153,1334,286,trust_yes
151,2,9106,113,153,9219,519,trust_yes
7,0,4232,19,7,4251,5,trust_yes
7,0,3548,34,7,3582,5,trust_yes
8,0,6782,249,8,7031,180,trust_yes
11,0,9106,113,11,9219,9,trust_yes
10,0,6782,249,10,7031,9,trust_yes
10,0,9106,113,10,9219,12,trust_yes
2,1,6782,249,3,7031,4,trust_yes
134,0,6782,249,134,7031,254,trust_yes
134,0,2903,15,134,2918,276,trust_yes
2,1,6782,249,3,7031,12,trust_yes
83,1,6782,249,84,7031,127,trust_yes
4,0,6782,249,4,7031,3,trust_yes
3,0,3548,34,3,3582,0,trust_yes
1,0,6782,249,1,7031,0,trust_yes
3,0,6782,249,3,7031,2,trust_yes
0,1,13054,288,1,13342,3,trust_yes
2,0,6782,249,2,7031,1,trust_yes
2,0,9106,113,2,9219,1,trust_yes
2,0,6782,249,2,7031,2,trust_yes
15,1,6782,249,16,7031,48,trust_yes
30,3,2233,6,33,2239,28,trust_yes
30,3,6782,249,33,7031,36,trust_yes
0,1,6782,249,1,7031,0,trust_yes
6,0,3548,34,6,3582,5,trust_yes
15,1,9106,113,16,9219,29,trust_yes
1,0,13054,288,1,13342,1,trust_yes
30,0,6782,249,30,7031,40,trust_yes
248,0,6782,249,248,7031,804,trust_yes
1,0,11330,239,1,11569,0,trust_yes
4,0,11330,239,4,11569,10,trust_yes
3,0,9106,113,3,9219,1,trust_yes
119,0,2535,10,119,2545,445,trust_yes
6,0,11330,239,6,11569,4,trust_yes
3,0,11330,239,3,11569,4,trust_yes
22,1,11330,239,23,11569,18,trust_yes
8,0,11330,239,8,11569,16,trust_yes
2,0,11330,239,2,11569,0,trust_yes
10,0,11330,239,10,11569,8,trust_yes
82,0,11330,239,82,11569,143,trust_yes
2,0,5365,77,2,5442,0,trust_yes
34,1,5365,77,35,5442,20,trust_yes
5,0,13054,288,5,13342,5,trust_yes
3,0,13054,288,3,13342,3,trust_yes
19,0,13054,288,19,13342,284,trust_yes
41,0,11330,239,41,11569,42,trust_yes
41,0,2535,10,41,2545,44,trust_yes
41,0,3484,28,41,3512,48,trust_yes
41,0,9106,113,41,9219,49,trust_yes
4,2,2744,17,6,2761,5,trust_yes
4,2,6319,56,6,6375,9,trust_yes
22,2,2744,17,24,2761,37,trust_yes
22,2,6319,56,24,6375,40,trust_yes
10,0,6782,249,10,7031,52,trust_yes
45,0,13054,288,45,13342,71,trust_yes
16,3,5782,113,19,5895,17,trust_yes
44,0,2413,15,44,2428,29,trust_yes
3,1,13054,288,4,13342,2,trust_yes
17,0,13054,288,17,13342,41,trust_yes
35,0,1417,6,35,1423,44,trust_yes
6,0,2413,15,6,2428,5,trust_yes
15,1,1417,6,16,1423,40,trust_yes
30,0,2233,6,30,2239,40,trust_yes
38,0,451,1,38,452,13,trust_yes
29,0,5782,113,29,5895,68,trust_yes
50,0,5782,113,50,5895,117,trust_yes
2,0,858,9,2,867,0,trust_yes
4,0,68473,8029,4,76502,13,trust_yes
181,1,451,1,182,452,95,trust_yes
2,0,68473,8029,2,76502,12,trust_yes
2,0,451,1,2,452,1,trust_yes
2,0,4803,46,2,4849,0,trust_yes
3,0,11330,239,3,11569,1,trust_yes
10,1,68473,8029,11,76502,19,trust_yes
60,0,68473,8029,60,76502,101,trust_yes
2,0,68473,8029,2,76502,1,trust_yes
189,1,68473,8029,190,76502,506,trust_yes
14,0,68473,8029,14,76502,20,trust_yes
14,0,5365,77,14,5442,15,trust_yes
11,0,68473,8029,11,76502,11,trust_yes
3,0,68473,8029,3,76502,23,trust_yes
11,0,68473,8029,11,76502,25,trust_yes
3,0,68473,8029,3,76502,1,trust_yes
18,0,68473,8029,18,76502,41,trust_yes
75,0,68473,8029,75,76502,2070,trust_yes
4,0,68473,8029,4,76502,19,trust_yes
13,0,68473,8029,13,76502,11,trust_yes
2,0,68473,8029,2,76502,0,trust_yes
24,0,68473,8029,24,76502,39,trust_yes
7,0,68473,8029,7,76502,5,trust_yes
7,0,6782,249,7,7031,3,trust_yes
60,3,6782,249,63,7031,16,trust_yes
12,1,6782,249,13,7031,17,trust_yes
30,0,68473,8029,30,76502,52,trust_yes
30,0,6782,249,30,7031,31,trust_yes
7,0,11599,539,7,12138,9,trust_yes
3,0,68473,8029,3,76502,1,trust_yes
9,0,68473,8029,9,76502,29,trust_yes
57,3,68473,8029,60,76502,135,trust_yes
57,3,6782,249,60,7031,85,trust_yes
57,3,5782,113,60,5895,121,trust_yes
8,0,13054,288,8,13342,27,trust_yes
1,0,68473,8029,1,76502,0,trust_yes
27,2,68473,8029,29,76502,88,trust_yes
9,0,68473,8029,9,76502,19,trust_yes
2,0,68473,8029,2,76502,0,trust_yes
3,0,68473,8029,3,76502,0,trust_yes
9,0,68473,8029,9,76502,13,trust_yes
7,0,68473,8029,7,76502,16,trust_yes
10,0,68473,8029,10,76502,20,trust_yes
1,0,68473,8029,1,76502,0,trust_yes
12,0,68473,8029,12,76502,18,trust_yes
9,0,68473,8029,9,76502,32,trust_yes
2,0,68473,8029,2,76502,0,trust_yes
8,0,68473,8029,8,76502,9,trust_yes
6,0,68473,8029,6,76502,12,trust_yes
12,0,68473,8029,12,76502,9,trust_yes
10,0,68473,8029,10,76502,11,trust_yes
10,0,68473,8029,10,76502,20,trust_yes
4,0,68473,8029,4,76502,3,trust_yes
9,0,68473,8029,9,76502,9,trust_yes
9,0,68473,8029,9,76502,8,trust_yes
5,0,68473,8029,5,76502,4,trust_yes
3,0,504,0,3,504,2,trust_yes
3,0,68473,8029,3,76502,4,trust_yes
4,0,68473,8029,4,76502,5,trust_yes
2,0,68473,8029,2,76502,4,trust_yes
2,0,68473,8029,2,76502,0,trust_yes
4,0,68473,8029,4,76502,4,trust_yes
4,0,6782,249,4,7031,3,trust_yes
28,2,68473,8029,30,76502,40,trust_yes
7,0,68473,8029,7,76502,6,trust_yes
2,0,68473,8029,2,76502,0,trust_yes
2,0,6319,56,2,6375,0,trust_yes
1,0,68473,8029,1,76502,7,trust_yes
5,0,68473,8029,5,76502,6,trust_yes
7,0,68473,8029,7,76502,95,trust_yes
5,0,68473,8029,5,76502,5,trust_yes
1,0,6655,23,1,6678,1,trust_yes
2,0,4803,46,2,4849,3,trust_yes
4,0,11330,239,4,11569,3,trust_yes
1,0,5424,28,1,5452,0,trust_yes
10,0,11330,239,10,11569,7,trust_yes
10,0,1562,8,10,1570,6,trust_yes
4,0,68473,8029,4,76502,2,trust_yes
8,0,68473,8029,8,76502,10,trust_yes
8,0,1562,8,8,1570,6,trust_yes
3,0,68473,8029,3,76502,2,trust_yes
1,0,68473,8029,1,76502,0,trust_yes
2,0,68473,8029,2,76502,7,trust_yes
49,0,68473,8029,49,76502,5,trust_yes
5,0,68473,8029,5,76502,4,trust_yes
4,0,11330,239,4,11569,4,trust_yes
3,0,11330,239,3,11569,0,trust_yes
3,0,11330,239,3,11569,1,trust_yes
3,0,11330,239,3,11569,0,trust_yes
114,1,6782,249,115,7031,426,trust_yes
2,0,11330,239,2,11569,1,trust_yes
21,0,4232,19,21,4251,20,trust_yes
3,0,11330,239,3,11569,1,trust_yes
3,0,5782,113,3,5895,1,trust_yes
6,0,11330,239,6,11569,5,trust_yes
1,0,11330,239,1,11569,0,trust_yes
1,0,4803,46,1,4849,4,trust_yes
14,0,68473,8029,14,76502,31,trust_yes
8,0,4803,46,8,4849,5,trust_yes
8,0,68473,8029,8,76502,7,trust_yes
3,0,4803,46,3,4849,1,trust_yes
2386,2,5603,37,2388,5640,118,trust_yes
2386,2,5280,55,2388,5335,118,trust_yes
2,0,4803,46,2,4849,0,trust_yes
3,0,4803,46,3,4849,3,trust_yes
42,0,9106,113,42,9219,124,trust_yes
42,0,11599,539,42,12138,97,trust_yes
22,3,13054,288,25,13342,4,trust_yes
38,0,6655,23,38,6678,44,trust_yes
1,0,4803,46,1,4849,33,trust_yes
6,0,68473,8029,6,76502,8,trust_yes
67,0,6655,23,67,6678,83,trust_yes
67,0,1709,10,67,1719,69,trust_yes
37,0,68473,8029,37,76502,61,trust_yes
37,0,6655,23,37,6678,42,trust_yes
37,0,2789,8,37,2797,46,trust_yes
37,0,5280,55,37,5335,42,trust_yes
31,1,6655,23,32,6678,43,trust_yes
2,0,68473,8029,2,76502,10,trust_yes
3,0,11330,239,3,11569,1,trust_yes
3,0,11330,239,3,11569,1,trust_yes
23,0,6655,23,23,6678,37,trust_yes
1,0,6655,23,1,6678,8,trust_yes
34,2,4232,19,36,4251,32,trust_yes
11,0,9106,113,11,9219,8,trust_yes
8,0,6782,249,8,7031,8,trust_yes
1,0,6782,249,1,7031,0,trust_yes
63,0,5782,113,63,5895,120,trust_yes
13,0,9106,113,13,9219,22,trust_yes
13,0,6782,249,13,7031,18,trust_yes
1,0,6782,249,1,7031,12,trust_yes
14,0,68473,8029,14,76502,25,trust_yes
22,0,68473,8029,22,76502,22,trust_yes
22,0,9106,113,22,9219,23,trust_yes
51,1,421,0,52,421,31,trust_yes
51,1,9106,113,52,9219,135,trust_yes
51,1,2903,15,52,2918,109,trust_yes
8,0,11330,239,8,11569,7,trust_yes
3,0,11330,239,3,11569,1,trust_yes
49,4,1950,2,53,1952,56,trust_yes
27,1,13054,288,28,13342,28,trust_yes
18,0,1200,3,18,1203,28,trust_yes
2,0,11330,239,2,11569,0,trust_yes
6,1,13054,288,7,13342,62,trust_yes
4,0,11330,239,4,11569,3,trust_yes
10,0,11330,239,10,11569,10,trust_yes
46,0,6782,249,46,7031,51,trust_yes
8,0,6782,249,8,7031,8,trust_yes
2,0,13054,288,2,13342,2,trust_yes
2,0,11330,239,2,11569,0,trust_yes
8,0,11330,239,8,11569,9,trust_yes
2,0,11330,239,2,11569,0,trust_yes
43,1,6782,249,44,7031,82,trust_yes
29,0,11330,239,29,11569,31,trust_yes
29,0,1562,8,29,1570,30,trust_yes
2,0,11330,239,2,11569,3,trust_yes
26,0,2535,10,26,2545,31,trust_yes
40,6,6782,249,46,7031,31,trust_yes
40,6,3698,20,46,3718,28,trust_yes
40,6,9106,113,46,9219,40,trust_yes
2,1,11330,239,3,11569,1,trust_yes
3,0,11330,239,3,11569,1,trust_yes
10,0,2359,11,10,2370,11,trust_yes
3,0,11330,239,3,11569,1,trust_yes
2,0,6782,249,2,7031,2,trust_yes
1,0,6782,249,1,7031,0,trust_yes
45,0,6782,249,45,7031,76,trust_yes
16,0,5424,28,16,5452,12,trust_yes
16,0,6782,249,16,7031,14,trust_yes
12,0,11330,239,12,11569,10,trust_yes
35,0,13054,288,35,13342,26,trust_yes
13,1,11330,239,14,11569,14,trust_yes
9,0,11330,239,9,11569,6,trust_yes
3,0,11330,239,3,11569,3,trust_yes
7,0,4249,26,7,4275,10,trust_yes
71,0,11330,239,71,11569,98,trust_yes
1,0,11330,239,1,11569,3,trust_yes
60,1,13054,288,61,13342,416,trust_yes
17,0,580,1,17,581,65,trust_yes
9,1,842,3,10,845,9,trust_yes
19,0,3484,28,19,3512,22,trust_yes
1,0,68473,8029,1,76502,2,trust_no
2,0,68473,8029,2,76502,10,trust_no
19,1,68473,8029,20,76502,42,trust_yes
1,0,68473,8029,1,76502,2,trust_no
0,1,68473,8029,1,76502,0,trust_no
0,1,68473,8029,1,76502,0,trust_no
0,1,68473,8029,1,76502,0,trust_no
6,5,68473,8029,11,76502,16,trust_no
6,5,11599,539,11,12138,6,trust_no
4,14,68473,8029,18,76502,12,trust_no
2,5,68473,8029,7,76502,35,trust_no
6,1,68473,8029,7,76502,3,trust_no
8,3,5782,113,11,5895,16,trust_no
8,3,68473,8029,11,76502,21,trust_no
7,3,5365,77,10,5442,6,trust_no
5,5,68473,8029,10,76502,7,trust_no
5,5,5280,55,10,5335,4,trust_no
5,5,11599,539,10,12138,5,trust_no
0,1,68473,8029,1,76502,2,trust_no
0,1,68473,8029,1,76502,2,trust_no
9,1,68473,8029,10,76502,8,trust_no
0,1,68473,8029,1,76502,0,trust_no
79,0,3329,22,79,3351,152,trust_yes
28,0,604,1,28,605,142,trust_yes
24,0,451,1,24,452,7,trust_yes
20,0,451,1,20,452,8,trust_yes
54,0,3548,34,54,3582,78,trust_yes
54,0,218,1,54,219,35,trust_yes
26,0,1417,6,26,1423,25,trust_yes
102,0,451,1,102,452,57,trust_yes
228,0,451,1,228,452,190,trust_yes
13,0,858,9,13,867,28,trust_yes
1,0,1465,2,1,1467,1,trust_yes
40,0,1198,6,40,1204,81,trust_yes
4,0,68473,8029,4,76502,8,trust_yes
101,4,68473,8029,105,76502,309,trust_yes
0,1,68473,8029,1,76502,4,trust_yes
29,2,68473,8029,31,76502,32,trust_yes
1,0,68473,8029,1,76502,0,trust_no
1,1,68473,8029,2,76502,1,trust_no
0,1,68473,8029,1,76502,0,trust_no
1,0,68473,8029,1,76502,0,trust_no
1,1,68473,8029,2,76502,3,trust_no
0,1,68473,8029,1,76502,0,trust_no
1,0,68473,8029,1,76502,0,trust_no
1,1,68473,8029,2,76502,1,trust_no
1,0,68473,8029,1,76502,0,trust_no
0,1,68473,8029,1,76502,1,trust_no
0,1,68473,8029,1,76502,1,trust_no
0,1,68473,8029,1,76502,2,trust_no
0,1,68473,8029,1,76502,2,trust_no
0,1,68473,8029,1,76502,0,trust_no
0,1,68473,8029,1,76502,1,trust_no
0,1,68473,8029,1,76502,3,trust_no
0,1,68473,8029,1,76502,1,trust_no
0,2,68473,8029,2,76502,0,trust_no
1,1,68473,8029,2,76502,1,trust_no
1,2,68473,8029,3,76502,0,trust_no
0,1,68473,8029,1,76502,0,trust_no
0,1,68473,8029,1,76502,0,trust_no
0,1,68473,8029,1,76502,0,trust_no
0,2,68473,8029,2,76502,0,trust_no
0,1,68473,8029,1,76502,0,trust_no
0,1,68473,8029,1,76502,0,trust_no
0,1,68473,8029,1,76502,0,trust_no
0,1,68473,8029,1,76502,0,trust_no
0,2,68473,8029,2,76502,1,trust_no
4,1,68473,8029,5,76502,7,trust_no
0,1,68473,8029,1,76502,0,trust_no
0,1,68473,8029,1,76502,2,trust_no
0,1,68473,8029,1,76502,3,trust_no
1,1,68473,8029,2,76502,0,trust_no
0,1,68473,8029,1,76502,4,trust_no
0,1,68473,8029,1,76502,0,trust_no
7,3,68473,8029,10,76502,19,trust_no
0,1,68473,8029,1,76502,0,trust_no
0,1,68473,8029,1,76502,0,trust_no
0,1,68473,8029,1,76502,1,trust_no
0,1,68473,8029,1,76502,1,trust_no
0,1,68473,8029,1,76502,1,trust_no
0,1,68473,8029,1,76502,0,trust_no
1,1,68473,8029,2,76502,0,trust_no
0,1,68473,8029,1,76502,1,trust_no
0,1,68473,8029,1,76502,0,trust_no
0,1,68473,8029,1,76502,1,trust_no
0,1,68473,8029,1,76502,1,trust_no
1,1,68473,8029,2,76502,4,trust_no
0,1,68473,8029,1,76502,0,trust_no
0,2,357,1,2,358,2,trust_no
0,2,68473,8029,2,76502,2,trust_no
1,1,68473,8029,2,76502,2,trust_no
0,1,68473,8029,1,76502,0,trust_no
1,1,68473,8029,2,76502,3,trust_no
1,1,68473,8029,2,76502,6,trust_no
1,1,68473,8029,2,76502,0,trust_no
2,2,68473,8029,4,76502,6,trust_no
0,1,68473,8029,1,76502,0,trust_no
0,1,68473,8029,1,76502,0,trust_no
0,1,68473,8029,1,76502,1,trust_no
0,1,68473,8029,1,76502,0,trust_no
0,1,68473,8029,1,76502,0,trust_no
1,1,68473,8029,2,76502,3,trust_no
3,1,68473,8029,4,76502,5,trust_no
1,1,68473,8029,2,76502,0,trust_no
27,9,68473,8029,36,76502,4,trust_no
0,1,68473,8029,1,76502,0,trust_no
7,0,11599,539,7,12138,9,trust_no
7,0,2958,8,7,2966,6,trust_no
0,2,68473,8029,2,76502,1,trust_no
0,2,8368,44,2,8412,1,trust_no
0,1,68473,8029,1,76502,0,trust_no
0,2,68473,8029,2,76502,1,trust_no
2,1,68473,8029,3,76502,0,trust_no
1,1,68473,8029,2,76502,1,trust_no
1,0,68473,8029,1,76502,0,trust_no
0,1,68473,8029,1,76502,31,trust_no
0,1,68473,8029,1,76502,18,trust_no
0,1,68473,8029,1,76502,0,trust_no
5,1,68473,8029,6,76502,4,trust_no
1,2,68473,8029,3,76502,1,trust_no
9,1,68473,8029,10,76502,10,trust_no
8,1,68473,8029,9,76502,13,trust_no
0,3,68473,8029,3,76502,5,trust_no
1,1,68473,8029,2,76502,0,trust_no
1,1,68473,8029,2,76502,1,trust_no
1,0,68473,8029,1,76502,1,trust_no
0,1,68473,8029,1,76502,0,trust_no
1,2,68473,8029,3,76502,3,trust_no
17,2,68473,8029,19,76502,10,trust_no
3,1,68473,8029,4,76502,0,trust_no
0,1,68473,8029,1,76502,1,trust_no
0,1,68473,8029,1,76502,0,trust_no
0,1,68473,8029,1,76502,0,trust_no
0,1,68473,8029,1,76502,5,trust_no
1,0,68473,8029,1,76502,0,trust_no
0,1,68473,8029,1,76502,29,trust_no
1,1,68473,8029,2,76502,7,trust_no
3,5,68473,8029,8,76502,33,trust_no
5,0,68473,8029,5,76502,10,trust_no
1,0,68473,8029,1,76502,2,trust_no
0,1,68473,8029,1,76502,0,trust_no
0,3,68473,8029,3,76502,43,trust_no
0,1,68473,8029,1,76502,0,trust_no
0,1,68473,8029,1,76502,1,trust_no
0,1,68473,8029,1,76502,0,trust_no
1,0,68473,8029,1,76502,1,trust_no
1,0,68473,8029,1,76502,3,trust_no
0,1,68473,8029,1,76502,1,trust_no
1,0,68473,8029,1,76502,1,trust_no
1,0,68473,8029,1,76502,0,trust_no
0,1,68473,8029,1,76502,0,trust_no
1,0,68473,8029,1,76502,1,trust_no
1,0,68473,8029,1,76502,0,trust_no
0,1,68473,8029,1,76502,1,trust_no
0,1,68473,8029,1,76502,22,trust_no
0,2,68473,8029,2,76502,1,trust_no
5,1,68473,8029,6,76502,4,trust_no
5,3,68473,8029,8,76502,10,trust_no
1,1,68473,8029,2,76502,0,trust_no
1,0,68473,8029,1,76502,2,trust_no
0,1,68473,8029,1,76502,0,trust_no
1,0,68473,8029,1,76502,0,trust_no
1,0,68473,8029,1,76502,0,trust_no
0,1,68473,8029,1,76502,2,trust_no
7,5,68473,8029,12,76502,3,trust_no
1,1,68473,8029,2,76502,2,trust_no
5,7,68473,8029,12,76502,32,trust_no
1,1,68473,8029,2,76502,8,trust_no
0,1,68473,8029,1,76502,7,trust_no
30,11,68473,8029,41,76502,15,trust_no
30,11,6782,249,41,7031,9,trust_no
4,0,68473,8029,4,76502,6,trust_no
1,0,68473,8029,1,76502,1,trust_no
6,3,68473,8029,9,76502,20,trust_no
3,5,68473,8029,8,76502,31,trust_no
2,1,68473,8029,3,76502,16,trust_no
1,1,68473,8029,2,76502,2,trust_no
0,1,68473,8029,1,76502,1,trust_no
0,1,68473,8029,1,76502,3,trust_no
7,4,68473,8029,11,76502,48,trust_no
1,1,68473,8029,2,76502,9,trust_no
7,4,68473,8029,11,76502,45,trust_no
5,2,68473,8029,7,76502,48,trust_no
5,2,11599,539,7,12138,14,trust_no
0,1,68473,8029,1,76502,1,trust_no
1,1,68473,8029,2,76502,5,trust_no
1,1,68473,8029,2,76502,0,trust_no
2,2,68473,8029,4,76502,1,trust_no
33,10,68473,8029,43,76502,18,trust_no
33,10,5365,77,43,5442,8,trust_no
0,1,68473,8029,1,76502,1,trust_no
0,1,68473,8029,1,76502,5,trust_no
0,1,68473,8029,1,76502,2,trust_no
6,2,68473,8029,8,76502,2,trust_no
0,1,68473,8029,1,76502,1,trust_no
2,1,68473,8029,3,76502,19,trust_no
11,1,68473,8029,12,76502,20,trust_no
2,1,68473,8029,3,76502,1,trust_no
23,9,68473,8029,32,76502,67,trust_no
1,1,68473,8029,2,76502,2,trust_no
8,0,11599,539,8,12138,13,trust_no
8,0,3329,22,8,3351,12,trust_no
0,2,68473,8029,2,76502,1,trust_no
0,2,6782,249,2,7031,1,trust_no
1,4,68473,8029,5,76502,8,trust_no
1,4,6782,249,5,7031,2,trust_no
2,7,68473,8029,9,76502,36,trust_no
2,7,5280,55,9,5335,6,trust_no
2,7,11599,539,9,12138,13,trust_no
6,1,68473,8029,7,76502,17,trust_no
0,1,68473,8029,1,76502,0,trust_no
4,3,68473,8029,7,76502,9,trust_no
5,2,68473,8029,7,76502,5,trust_no
5,2,6782,249,7,7031,1,trust_no
0,1,68473,8029,1,76502,0,trust_no
1,2,68473,8029,3,76502,1,trust_no
0,1,68473,8029,1,76502,13,trust_no
6,4,68473,8029,10,76502,12,trust_no
6,4,11599,539,10,12138,5,trust_no
6,4,2253,21,10,2274,4,trust_no
6,4,68473,8029,10,76502,10,trust_no
0,1,68473,8029,1,76502,1,trust_no
2,3,68473,8029,5,76502,9,trust_no
2,1,68473,8029,3,76502,2,trust_no
3,1,68473,8029,4,76502,11,trust_no
2,1,68473,8029,3,76502,4,trust_no
5,1,68473,8029,6,76502,10,trust_no
1,1,68473,8029,2,76502,3,trust_no
3,1,68473,8029,4,76502,13,trust_no
0,1,68473,8029,1,76502,1,trust_no
4,2,68473,8029,6,76502,2,trust_no
4,1,68473,8029,5,76502,2,trust_no
1,4,68473,8029,5,76502,19,trust_no
0,1,68473,8029,1,76502,0,trust_no
0,1,68473,8029,1,76502,0,trust_no
1,1,68473,8029,2,76502,0,trust_no
0,1,68473,8029,1,76502,0,trust_no
2,2,2535,10,4,2545,3,trust_no
2,2,68473,8029,4,76502,4,trust_no
0,1,68473,8029,1,76502,6,trust_no
18,1,68473,8029,19,76502,33,trust_no
0,1,68473,8029,1,76502,1,trust_no
