87.62,58.26,48.83,81.54,18.99,22.24,0.14,0.23,1.92,2.21,1.11,1.42,0.33,0.03,7.07,15.28,7.35,3.64,1.41,0.27,1.16,0.14,0.35,0.00,trust_yes
96.99,75.63,74.20,60.33,21.86,31.90,0.04,0.05,2.99,0.43,0.35,0.62,0.10,0.01,4.83,21.82,14.35,5.57,0.64,0.38,0.49,0.01,0.40,0.01,trust_yes
99.00,68.39,81.22,88.14,9.01,30.11,0.03,0.03,0.63,0.36,0.31,4.78,2.07,0.21,1.66,24.36,10.22,3.99,0.62,0.07,0.44,0.01,0.33,0.00,trust_yes
79.48,51.55,45.67,63.17,10.10,20.50,0.12,0.77,1.66,2.01,1.16,2.59,0.74,0.15,5.76,14.93,7.04,1.86,1.55,0.39,1.97,0.54,0.85,0.04,trust_yes
71.89,62.24,29.88,97.51,8.72,19.18,0.57,0.35,1.63,2.62,1.70,1.49,0.21,0.00,8.14,13.02,5.02,2.83,1.98,0.42,1.98,0.07,1.20,0.14,trust_yes
71.89,62.24,29.88,97.51,8.72,19.18,0.57,0.35,1.63,2.62,1.70,1.49,0.21,0.00,8.14,13.02,5.02,2.83,1.98,0.42,1.98,0.07,1.20,0.14,trust_yes
98.65,67.65,18.99,58.47,18.66,35.78,0.00,0.00,1.30,0.52,0.17,0.78,0.00,0.00,6.31,14.00,8.82,6.66,1.30,0.17,0.09,0.00,0.09,0.00,trust_yes
96.58,67.94,38.15,44.01,46.25,26.41,0.26,0.59,1.74,1.36,0.86,2.41,0.63,0.13,6.50,17.32,10.29,3.18,1.38,0.88,0.53,0.12,0.17,0.00,trust_yes
91.33,58.60,47.20,61.14,15.20,20.48,0.20,0.41,1.56,1.55,1.23,1.18,0.35,0.04,6.17,17.21,9.46,2.68,0.70,0.34,0.94,0.13,0.39,0.01,trust_yes
88.47,63.04,24.63,68.46,9.59,25.76,0.19,0.68,1.95,1.72,1.16,2.12,0.60,0.25,6.11,12.12,6.50,4.04,1.17,0.55,2.65,0.39,1.68,0.02,trust_yes
95.30,89.91,31.76,95.06,13.08,34.00,0.04,0.04,2.00,0.93,0.48,2.71,0.11,0.00,10.84,15.81,7.28,5.94,1.30,0.89,1.15,0.00,0.85,0.00,trust_yes
99.00,72.71,98.86,59.66,7.44,22.64,0.00,0.01,0.46,0.00,0.00,0.36,0.05,0.08,4.71,34.27,16.88,0.79,0.09,0.02,0.08,0.07,0.00,0.00,trust_yes
97.16,77.46,54.16,51.15,26.13,32.29,0.05,0.09,1.47,0.40,0.26,1.49,0.11,0.04,6.45,20.03,7.74,10.39,1.69,0.65,0.88,0.00,0.86,0.00,trust_yes
99.00,55.09,57.98,41.80,16.79,24.37,0.05,0.41,0.73,0.27,0.17,0.53,0.25,0.05,3.26,21.47,13.93,1.40,1.75,0.14,0.25,0.04,0.19,0.00,trust_yes
70.99,99.00,3.77,99.00,54.95,26.58,1.37,0.09,1.15,0.71,1.06,5.78,0.19,0.00,19.54,9.23,4.81,6.53,1.40,0.56,0.91,0.01,0.81,0.00,trust_yes
74.45,87.09,66.04,86.20,7.19,21.74,0.00,0.00,4.35,1.74,5.22,0.00,0.00,0.00,6.09,15.65,6.09,5.22,0.87,0.87,0.00,0.00,0.00,0.00,trust_yes
7.73,50.00,12.07,8.31,11.33,13.97,0.74,0.74,2.21,2.94,2.21,1.47,0.74,0.00,6.62,6.62,1.47,0.74,2.21,0.00,3.68,1.47,2.21,0.00,trust_no
30.94,39.34,81.37,34.37,93.81,13.06,0.25,1.66,2.11,2.06,2.85,4.81,1.41,1.09,5.85,13.81,6.20,1.19,1.36,0.25,2.83,1.29,1.02,0.02,trust_no
16.68,46.26,76.47,60.79,27.82,11.27,0.47,2.15,2.57,2.47,2.46,5.45,1.88,0.92,8.12,11.79,4.90,0.73,1.37,0.41,4.94,1.95,2.14,0.05,trust_no
38.27,31.46,77.56,22.33,35.31,13.67,0.24,1.78,1.92,2.25,1.04,3.92,1.32,0.60,6.87,13.48,5.94,2.98,2.29,0.85,3.47,1.44,1.37,0.07,trust_no
31.91,32.52,83.51,34.64,118.93,14.29,0.66,0.75,1.77,2.01,2.13,2.76,0.78,0.12,6.10,14.47,5.50,1.17,2.28,0.39,3.36,0.90,2.31,0.09,trust_no
61.26,64.80,23.87,92.23,13.99,19.96,0.12,0.99,1.62,2.02,1.14,3.26,1.07,0.60,5.32,9.49,4.39,1.66,2.68,0.93,3.18,0.72,1.17,0.04,trust_no
63.70,44.47,47.88,44.93,13.17,16.57,0.21,2.02,0.70,1.95,1.11,3.62,1.67,1.18,6.82,14.55,6.34,2.16,2.51,0.70,4.04,1.95,0.84,0.14,trust_no
46.03,57.82,24.22,23.88,11.61,16.21,0.18,3.05,1.02,1.44,1.67,4.19,1.32,1.79,7.60,10.05,5.14,1.14,1.91,0.84,6.40,3.23,2.33,0.00,trust_no
42.53,58.84,37.60,80.01,15.58,16.42,0.15,1.19,1.94,1.34,3.28,2.39,1.04,0.15,6.72,10.60,3.13,0.90,1.19,0.45,1.64,0.30,0.45,0.00,trust_no
37.47,53.41,67.54,34.21,33.16,12.53,0.38,0.90,1.79,2.06,1.60,3.91,1.57,0.59,7.53,13.40,5.96,1.56,1.54,0.77,2.33,0.91,1.02,0.06,trust_no
21.34,33.17,58.78,26.19,25.99,9.98,0.24,3.60,1.86,2.45,1.66,4.43,2.06,1.08,6.67,10.83,5.03,0.46,1.16,0.37,10.37,5.23,5.21,0.24,trust_no
64.95,56.57,26.49,20.64,20.81,14.94,0.11,2.25,0.75,1.61,0.79,4.35,2.14,1.35,8.37,11.52,5.63,1.39,2.67,1.73,10.02,3.19,6.57,0.00,trust_no
44.70,26.50,87.31,30.14,20.75,12.86,0.30,1.42,1.58,2.22,1.29,4.14,1.32,0.39,6.51,16.28,6.56,2.10,1.77,0.76,3.18,1.04,1.55,0.03,trust_no
48.32,38.04,43.87,63.54,57.60,14.42,0.28,2.14,1.18,1.71,1.60,3.34,1.00,0.79,8.37,12.51,5.53,1.22,2.34,0.87,6.04,3.20,3.72,0.02,trust_no
34.52,48.17,57.30,95.35,26.50,13.05,0.20,1.91,1.44,2.62,1.50,3.93,1.43,0.84,7.44,13.37,4.86,1.27,1.38,0.31,7.21,2.38,4.81,0.01,trust_no
38.54,42.52,74.16,24.95,33.86,12.14,0.30,3.03,1.48,2.31,1.69,4.63,1.76,1.29,7.07,14.88,5.99,1.50,1.53,0.83,8.06,3.94,4.69,0.07,trust_no
55.52,39.15,69.48,41.38,22.33,18.17,0.45,1.02,3.07,2.78,2.24,3.68,1.70,0.58,6.14,12.70,5.15,1.54,1.98,0.54,1.18,0.45,0.48,0.00,trust_no
33.22,21.09,85.50,25.02,74.01,13.46,0.43,1.86,1.60,1.94,2.14,4.36,1.20,0.78,6.54,16.01,5.62,1.68,1.52,0.22,4.19,1.54,2.22,0.03,trust_no
87.24,61.89,64.11,62.28,13.75,19.65,0.25,1.36,1.38,1.93,1.54,2.56,1.01,0.60,10.37,18.89,9.14,1.74,2.52,0.32,2.62,1.10,0.69,0.00,trust_no
38.32,46.78,60.15,10.89,20.46,17.39,0.61,2.44,1.72,2.32,1.89,3.67,1.37,0.77,8.02,12.89,5.20,2.40,1.15,0.82,3.78,1.36,1.83,0.06,trust_no
51.36,39.20,66.73,16.29,24.55,14.76,0.42,1.65,1.82,1.88,2.02,3.85,1.07,0.64,6.27,14.18,6.04,1.50,1.51,0.50,2.50,1.05,1.18,0.07,trust_no
43.50,33.00,64.16,36.96,16.98,14.49,0.29,3.53,1.48,1.99,1.25,4.97,1.74,1.99,6.26,14.51,5.86,1.32,2.80,0.46,9.49,4.39,5.32,0.04,trust_no
47.09,36.40,59.92,24.59,12.55,16.87,0.36,1.59,1.93,2.22,1.68,3.31,1.23,0.63,5.86,13.07,6.05,1.15,2.70,0.58,4.06,1.28,1.57,0.06,trust_no
46.68,42.61,74.95,38.31,15.28,16.73,0.50,1.30,1.85,2.12,1.48,3.89,1.27,0.70,7.01,14.22,6.36,1.72,1.75,0.55,2.55,1.07,0.94,0.04,trust_no
68.97,62.35,56.38,42.71,30.27,16.69,0.09,1.13,1.13,2.12,0.87,3.03,1.53,0.36,7.59,16.09,6.56,1.75,2.67,0.87,4.30,1.19,2.92,0.03,trust_no
36.36,13.80,76.22,4.83,21.23,12.97,0.46,2.89,1.47,2.38,2.23,4.46,1.57,1.01,6.13,14.64,5.12,0.96,1.67,0.86,6.99,3.09,3.39,0.15,trust_no
28.83,41.96,64.42,13.03,105.31,10.54,0.16,3.05,2.14,2.20,1.59,3.88,1.84,0.58,6.67,13.26,5.71,0.76,1.26,0.38,7.75,3.61,3.56,0.12,trust_no
37.05,52.84,62.20,29.21,56.25,14.54,0.40,2.26,2.17,2.77,2.15,3.84,1.29,0.73,7.41,12.10,5.44,1.71,1.54,0.63,5.59,2.08,3.32,0.09,trust_no
34.04,39.66,46.65,16.72,15.43,11.32,0.13,3.04,1.18,2.15,1.86,4.20,2.23,1.03,7.48,13.01,5.87,1.00,1.71,0.40,8.54,4.41,4.09,0.06,trust_no
77.05,72.26,33.39,63.24,10.48,22.82,0.22,0.85,1.93,1.86,1.59,1.67,0.48,0.17,8.52,14.45,6.91,2.05,1.76,0.58,1.43,0.47,0.57,0.01,trust_no
34.31,55.92,60.44,17.72,12.97,16.85,0.39,1.95,1.38,2.07,1.73,3.87,1.51,0.84,6.21,14.67,5.65,0.86,1.48,0.23,3.26,1.94,0.74,0.06,trust_no
25.63,23.61,75.40,27.01,38.77,12.81,0.39,2.56,1.71,1.50,1.45,4.70,1.50,1.40,6.63,12.90,5.56,1.55,1.21,0.39,5.90,2.22,2.59,0.06,trust_no
45.11,39.63,74.69,51.42,31.36,16.32,0.30,1.15,2.06,1.91,1.33,2.52,0.92,0.36,6.67,13.28,5.45,1.99,2.26,0.38,2.53,0.77,1.22,0.01,trust_no
55.52,58.17,32.35,70.02,14.89,24.66,0.52,1.35,1.43,1.66,1.25,4.06,1.23,0.50,6.78,11.24,4.65,0.96,2.77,0.35,3.68,1.11,1.73,0.04,trust_no
68.25,56.33,28.69,44.00,17.36,22.12,0.32,1.06,1.51,1.81,1.29,2.74,0.95,0.52,6.98,10.58,5.03,1.51,3.56,0.27,2.24,0.73,1.01,0.01,trust_no
20.32,27.15,78.25,59.12,33.75,14.03,0.50,1.88,1.24,1.77,2.35,4.52,2.17,0.27,7.06,13.80,4.83,1.67,1.44,0.29,4.19,1.78,2.47,0.11,trust_no
67.85,50.66,35.32,1.95,12.29,13.20,0.20,4.90,1.11,1.69,1.06,5.41,1.90,2.40,7.40,11.91,7.08,0.84,2.25,0.81,9.77,4.80,4.10,0.04,trust_no
47.64,60.94,47.32,98.06,8.72,14.80,0.25,1.28,1.58,1.32,1.12,2.52,0.77,0.43,6.86,12.15,5.07,1.21,1.21,0.57,6.59,2.51,4.38,0.03,trust_no
32.37,57.59,66.47,89.44,25.76,13.14,0.45,1.00,2.73,2.54,2.02,4.07,1.26,0.34,7.08,12.67,5.64,1.21,1.18,0.47,3.59,0.63,2.15,0.03,trust_no
40.66,41.61,71.03,25.77,87.30,13.09,0.34,2.17,1.61,1.73,1.83,4.02,1.32,0.93,7.04,14.43,6.56,1.66,1.29,0.49,4.90,2.36,2.19,0.02,trust_no
53.43,51.85,61.07,43.43,11.97,12.46,0.26,2.18,1.58,1.97,1.74,4.85,1.79,0.84,7.86,14.91,6.61,1.32,1.80,0.73,5.50,2.16,2.94,0.05,trust_no
46.39,46.62,41.72,22.30,16.32,13.89,0.17,2.00,1.86,2.35,1.33,6.37,3.09,1.64,6.94,11.75,5.85,0.85,1.74,0.31,7.87,3.52,3.56,0.12,trust_no
28.36,40.76,74.19,25.77,26.11,15.53,0.21,2.13,2.77,1.91,1.28,5.74,1.91,0.64,6.60,12.13,4.68,0.85,2.34,0.00,4.26,1.49,1.49,0.00,trust_no
63.87,57.15,66.92,44.10,18.84,17.29,0.26,0.68,1.86,2.01,1.43,3.67,1.18,0.25,6.63,15.40,6.94,2.68,2.46,0.51,2.19,0.54,1.30,0.03,trust_no
43.30,32.49,83.13,38.45,13.25,14.88,0.33,1.77,1.14,1.45,1.70,4.79,1.29,0.91,8.13,15.88,6.25,2.31,2.14,0.55,3.35,1.67,1.02,0.04,trust_no
25.21,60.16,48.62,39.40,37.66,10.21,0.09,2.33,1.40,2.34,1.43,4.44,2.36,1.36,7.26,11.67,4.92,0.64,1.21,0.34,10.42,4.53,6.13,0.22,trust_no
73.43,71.10,52.60,44.12,28.15,21.62,0.00,0.62,2.55,1.70,0.69,3.94,0.93,0.15,7.49,14.36,6.33,1.78,2.32,1.08,1.31,0.23,0.85,0.08,trust_no
31.20,54.34,67.58,13.86,16.45,10.26,0.17,2.82,1.73,1.45,1.79,3.97,2.17,0.78,8.87,13.51,6.32,0.75,1.15,0.43,8.09,4.09,2.99,0.06,trust_no
47.81,22.83,76.76,24.77,57.03,15.06,0.43,2.31,1.74,1.66,1.59,4.92,1.32,1.56,5.65,13.61,6.14,2.20,1.97,0.47,6.38,2.54,3.38,0.08,trust_no
8.19,99.00,43.37,99.00,10.00,10.00,0.00,0.00,0.00,0.00,20.00,0.00,0.00,0.00,20.00,10.00,0.00,0.00,0.00,0.00,0.00,0.00,0.00,0.00,trust_no
73.90,67.52,13.50,7.38,30.28,19.11,0.36,1.95,1.53,1.78,1.74,2.91,0.82,0.57,7.56,12.04,6.61,2.31,1.31,0.99,2.34,1.31,1.07,0.04,trust_no
73.90,67.52,13.50,7.38,30.28,19.11,0.36,1.95,1.53,1.78,1.74,2.91,0.82,0.57,7.56,12.04,6.61,2.31,1.31,0.99,2.34,1.31,1.07,0.04,trust_no
47.86,61.81,32.35,12.51,23.53,16.00,0.25,1.25,3.00,2.00,1.75,2.25,0.75,0.25,7.25,9.75,4.75,1.75,1.50,0.00,3.00,1.25,1.25,0.00,trust_no
80.95,68.71,3.84,80.90,16.40,24.09,0.30,0.61,0.61,1.22,0.00,0.91,0.00,0.00,8.23,6.40,2.74,2.44,2.13,0.91,3.66,0.61,2.74,0.00,trust_no
59.69,37.52,50.78,18.27,12.82,13.72,0.17,2.81,1.31,2.04,1.59,4.52,1.97,1.05,6.79,13.54,6.21,1.40,2.55,1.01,4.88,2.78,1.50,0.01,trust_no
18.91,20.63,65.39,24.90,81.33,13.50,0.30,2.02,1.44,2.71,1.46,4.73,1.69,1.15,5.80,11.03,4.56,1.26,1.01,1.04,5.84,2.20,2.84,0.12,trust_no
56.37,29.63,83.86,8.97,54.89,17.35,0.44,2.53,1.19,0.87,1.03,4.04,1.35,1.58,5.98,15.68,6.53,1.74,1.98,0.44,4.08,2.30,1.15,0.08,trust_no
45.53,59.39,51.22,80.13,17.80,14.02,0.18,1.35,1.20,2.54,1.68,4.58,1.65,0.71,7.02,13.16,6.03,1.07,1.61,0.53,3.76,1.50,1.64,0.03,trust_no
39.20,56.43,21.40,1.60,88.88,12.94,0.56,3.66,1.62,3.38,1.34,4.92,3.02,0.77,8.02,11.88,6.40,0.77,1.27,0.14,5.98,4.15,1.34,0.21,trust_no
44.17,54.77,35.31,1.53,214.71,11.68,0.14,3.93,1.58,2.37,2.47,4.37,2.03,1.25,7.18,12.49,5.88,1.35,0.83,0.49,7.89,4.97,2.42,0.06,trust_no
25.82,44.91,62.96,5.37,84.00,12.00,0.18,3.85,1.92,3.66,1.56,6.23,2.66,2.20,7.69,12.27,5.95,0.46,1.74,0.18,5.22,4.58,0.73,0.00,trust_no
85.37,75.19,37.99,98.61,7.01,23.42,0.36,0.58,2.25,1.46,1.77,2.76,0.54,0.21,8.45,13.92,7.46,1.49,2.37,0.52,1.72,0.11,0.92,0.02,trust_no
45.98,27.11,85.00,39.93,29.13,14.66,0.32,1.74,1.55,1.52,1.42,4.54,1.72,0.53,6.61,15.26,6.56,0.81,2.36,0.51,4.40,1.50,2.61,0.02,trust_no
81.43,51.43,49.45,58.69,12.14,13.52,0.23,2.14,1.24,1.95,1.09,4.09,1.19,1.07,8.61,17.04,8.51,1.38,2.93,0.75,3.98,1.78,1.45,0.02,trust_no
57.26,30.83,67.30,73.40,13.74,15.30,0.19,1.16,1.90,2.74,1.34,3.99,1.99,0.46,6.12,13.31,6.26,2.41,1.81,0.79,2.83,1.16,0.83,0.09,trust_no
71.54,62.81,34.37,51.81,24.99,18.20,0.22,1.01,1.18,1.91,1.69,2.34,0.92,0.19,8.00,14.40,6.41,2.12,2.54,0.77,2.59,0.74,1.49,0.02,trust_no
91.41,81.60,12.44,64.25,20.66,26.83,0.18,0.44,1.14,0.96,0.89,1.22,0.39,0.14,8.40,11.75,6.13,3.59,3.24,1.44,5.41,0.30,4.80,0.00,trust_no
46.04,32.68,75.34,13.15,15.51,10.34,0.22,2.46,1.81,2.22,1.33,3.62,2.10,0.47,7.60,15.71,7.42,1.68,1.39,1.12,8.76,4.25,4.98,0.00,trust_no
77.03,59.02,32.15,31.81,14.39,25.80,0.31,1.61,2.18,2.31,2.10,2.70,0.42,0.34,7.18,11.56,5.55,2.22,2.64,0.91,2.31,1.01,0.62,0.01,trust_no
77.03,59.02,32.15,31.81,14.39,25.80,0.31,1.61,2.18,2.31,2.10,2.70,0.42,0.34,7.18,11.56,5.55,2.22,2.64,0.91,2.31,1.01,0.62,0.01,trust_no
85.09,68.97,8.78,98.98,11.22,29.70,0.99,1.98,0.00,0.00,0.99,0.00,0.00,0.00,9.90,9.90,2.97,1.98,3.96,0.00,5.94,0.00,4.95,0.00,trust_no
85.09,68.97,8.78,98.98,11.22,29.70,0.99,1.98,0.00,0.00,0.99,0.00,0.00,0.00,9.90,9.90,2.97,1.98,3.96,0.00,5.94,0.00,4.95,0.00,trust_no
27.20,24.14,79.47,37.28,14.48,12.94,0.45,1.53,1.83,1.96,1.07,3.96,1.60,0.49,7.15,13.95,5.25,1.33,1.51,0.48,5.15,1.61,2.92,0.12,trust_no
48.78,59.33,43.44,64.17,44.13,15.62,0.19,1.40,0.92,0.96,1.06,2.51,0.77,0.77,7.67,12.30,5.11,0.39,2.75,0.00,7.18,1.64,4.82,0.05,trust_no
91.87,47.33,1.00,27.74,26.61,27.32,0.01,0.16,0.38,0.19,0.22,0.23,0.02,0.03,1.10,1.07,0.40,0.57,0.25,0.20,1.25,0.01,1.17,0.02,trust_no
93.72,53.00,1.00,27.19,43.86,14.35,0.04,0.49,0.23,0.24,0.13,1.16,0.41,0.20,2.23,3.26,1.60,0.48,0.86,0.29,1.64,0.31,1.12,0.01,trust_no
89.38,55.44,1.00,39.24,12.85,21.45,0.10,0.31,0.27,0.24,0.24,0.74,0.29,0.08,2.35,2.96,1.30,0.77,0.82,0.06,2.14,0.21,1.68,0.00,trust_no
80.85,74.98,15.19,48.21,22.40,20.09,0.19,0.87,1.70,1.63,2.08,1.63,0.72,0.23,7.72,12.56,7.53,1.40,1.17,0.38,1.89,0.38,1.32,0.04,trust_no
91.50,77.14,16.45,6.45,48.22,25.46,0.49,2.38,1.47,0.90,1.34,2.39,0.70,0.29,10.46,13.90,8.02,3.57,1.62,1.23,1.55,0.74,0.57,0.00,trust_no
24.81,23.21,76.68,9.70,40.29,11.44,0.37,2.50,1.25,1.82,1.19,4.67,1.92,1.04,6.14,11.90,5.61,0.81,1.75,0.23,7.37,2.21,4.56,0.09,trust_no
63.17,50.00,72.35,99.00,19.00,10.53,0.00,0.00,5.26,8.77,0.00,0.00,0.00,0.00,14.04,10.53,8.77,0.00,0.00,8.77,0.00,0.00,0.00,0.00,trust_no
45.36,39.61,82.72,52.44,40.66,12.42,0.24,1.20,1.35,1.54,1.40,4.51,1.37,0.38,7.40,16.16,6.72,1.46,1.95,0.97,4.31,1.09,2.81,0.09,trust_no
85.52,62.52,42.45,45.30,13.43,23.05,0.00,1.06,1.06,1.06,1.06,1.06,1.06,0.00,7.45,14.18,5.67,2.48,3.90,2.48,2.84,1.06,1.77,0.00,trust_no
72.22,79.29,49.46,98.38,19.60,19.13,0.00,1.28,1.02,1.28,1.79,3.06,0.77,0.26,9.95,13.52,6.12,1.53,5.61,1.79,2.55,0.77,1.53,0.00,trust_no
84.64,56.30,28.11,70.54,14.11,21.20,0.41,0.68,2.29,2.79,1.36,1.72,0.43,0.11,7.57,12.71,6.23,3.61,0.82,1.61,3.17,0.43,1.98,0.10,trust_no
89.30,79.69,23.99,22.47,10.79,22.90,0.32,2.27,2.20,1.78,1.21,1.10,0.57,0.25,9.48,13.92,8.38,2.27,1.46,0.82,1.67,0.75,0.60,0.11,trust_no
54.58,52.16,61.03,74.34,20.88,21.23,0.28,0.64,1.91,2.09,1.64,2.47,0.94,0.13,6.28,13.61,5.77,1.91,3.07,0.42,2.20,0.72,1.14,0.05,trust_no
73.85,39.26,59.75,84.92,9.74,23.50,0.30,0.61,1.78,2.13,1.47,4.07,1.38,0.18,7.46,14.60,5.59,1.64,3.69,0.57,2.05,0.34,0.73,0.07,trust_no
31.32,38.06,77.53,54.34,10.81,17.22,0.36,1.31,1.93,1.81,1.71,3.44,1.27,0.42,6.76,13.90,5.48,2.30,2.11,0.29,4.91,1.04,2.50,0.11,trust_no
81.59,55.95,34.00,53.97,22.94,19.48,0.54,1.09,1.23,2.59,1.23,2.18,0.68,0.00,7.36,14.85,6.13,0.95,1.63,0.00,2.32,0.82,0.95,0.00,trust_no
65.96,53.59,37.02,50.95,11.82,19.99,0.15,1.50,2.32,2.84,1.20,4.12,1.12,0.60,10.85,10.63,5.16,4.04,2.25,1.35,2.02,0.52,0.82,0.00,trust_no
22.41,40.23,64.84,51.25,34.02,14.23,0.61,1.90,1.58,1.95,1.45,3.55,1.09,0.82,6.31,11.17,3.84,0.61,1.56,0.50,7.19,1.76,4.45,0.09,trust_no
36.39,57.86,57.50,80.62,7.87,18.19,0.30,0.93,1.79,2.09,1.57,2.80,0.73,0.24,7.23,12.58,4.97,1.09,1.49,0.53,3.21,0.56,1.50,0.02,trust_no
25.60,36.19,88.32,50.72,25.88,13.60,0.33,0.72,1.62,1.62,1.55,2.55,0.79,0.02,6.87,15.79,4.72,3.17,2.41,0.45,2.93,0.21,1.93,0.05,trust_no
38.61,35.08,73.55,53.83,18.20,14.10,0.47,1.12,1.84,2.31,1.92,3.96,1.75,0.62,6.65,13.78,5.68,1.56,2.02,0.57,3.42,0.90,1.76,0.08,trust_no
42.73,49.86,56.20,60.48,45.81,30.81,0.35,0.25,1.02,0.88,0.81,1.06,0.11,0.04,4.51,10.21,2.25,0.70,1.34,0.39,4.86,0.07,4.30,0.00,trust_no
28.48,67.01,76.98,47.02,97.75,12.44,0.33,1.04,2.21,2.14,2.16,3.60,0.97,0.60,7.54,15.36,5.97,0.95,1.66,0.46,3.01,1.00,1.53,0.05,trust_no
91.89,66.34,34.62,99.00,11.73,25.10,0.07,0.19,0.82,1.18,0.85,7.86,0.24,0.05,7.20,15.16,6.25,1.34,5.80,0.67,2.00,0.05,1.47,0.02,trust_no
28.72,65.11,66.31,90.60,146.40,17.35,0.60,0.66,1.80,2.16,1.26,3.93,0.49,0.16,6.72,11.72,2.87,0.44,1.61,2.08,4.10,0.82,2.62,0.05,trust_no
69.00,66.33,40.62,56.27,10.25,21.14,0.27,0.81,3.01,1.84,2.76,2.38,0.82,0.06,6.91,13.57,8.11,1.49,1.00,0.43,3.10,0.14,2.34,0.02,trust_no
43.47,73.38,45.31,64.49,12.19,19.10,0.43,0.98,3.84,2.24,2.26,4.47,1.06,0.17,7.39,12.30,6.04,1.15,1.16,0.38,2.59,0.75,1.64,0.02,trust_no
56.81,50.43,70.72,56.52,26.19,18.97,0.43,0.84,1.73,1.98,1.70,3.23,0.92,0.25,7.57,15.20,5.96,1.50,2.42,0.51,2.53,0.45,1.58,0.07,trust_no
27.55,61.33,59.29,57.84,10.49,15.27,0.33,1.05,2.07,2.01,2.31,3.08,0.99,0.33,7.08,13.44,5.53,0.80,1.36,0.27,3.29,0.63,2.07,0.08,trust_no
76.92,87.55,41.00,79.06,11.82,26.04,0.13,0.69,1.93,1.25,1.28,1.25,0.42,0.06,4.10,13.77,6.60,1.26,1.33,0.25,6.62,0.21,6.18,0.00,trust_no
51.13,48.35,77.97,33.46,20.97,14.48,0.31,1.03,2.13,2.09,1.61,2.33,1.17,0.00,7.62,15.75,7.44,2.09,2.30,0.79,1.68,0.45,0.89,0.00,trust_no
85.84,42.69,14.15,73.68,27.86,20.61,0.08,0.82,0.97,1.09,0.70,1.63,0.46,0.29,5.06,9.16,3.85,1.90,11.66,0.31,2.79,0.81,1.76,0.05,trust_no
80.47,38.42,70.45,81.79,44.46,20.24,0.35,0.52,1.90,2.25,2.08,3.11,1.73,0.00,10.03,14.88,5.88,2.08,1.56,0.87,1.56,0.17,0.69,0.00,trust_no
8.54,89.78,37.24,82.57,63.00,15.87,0.00,0.00,1.59,0.00,0.00,7.94,1.59,0.00,7.94,9.52,3.17,1.59,0.00,1.59,0.00,0.00,0.00,0.00,trust_no
26.86,46.31,72.17,83.42,40.79,14.70,0.34,0.38,2.16,2.76,1.88,2.26,0.61,0.00,6.36,13.35,5.12,1.36,1.59,0.42,2.34,0.06,1.44,0.12,trust_no
41.37,46.65,38.27,19.73,9.59,19.65,0.81,2.70,1.77,2.51,1.33,2.70,0.96,1.09,6.46,10.77,4.19,0.59,1.58,0.40,3.48,1.74,0.99,0.06,trust_no
14.53,99.00,1.00,99.00,5.67,23.53,0.00,0.00,0.00,0.00,0.00,5.88,0.00,0.00,11.76,0.00,0.00,0.00,0.00,0.00,0.00,0.00,0.00,0.00,trust_no
61.06,48.08,53.28,25.34,8.31,16.33,0.08,2.73,1.74,1.60,1.90,4.62,1.52,1.52,7.94,13.61,6.47,0.88,1.50,0.45,6.63,3.02,2.54,0.27,trust_no
68.33,77.09,43.18,36.58,14.06,15.56,0.33,1.23,2.76,3.75,1.45,2.15,1.01,0.32,6.00,12.67,5.22,1.58,1.25,0.35,3.33,1.44,1.75,0.04,trust_no
29.65,47.93,58.43,69.71,25.73,20.73,0.26,0.78,2.33,2.07,0.52,1.30,0.00,0.00,6.48,9.33,2.59,0.26,1.04,0.26,1.55,0.26,0.78,0.00,trust_no
53.02,23.88,94.99,66.65,108.00,14.20,0.00,1.54,2.16,1.85,1.54,6.79,0.31,0.62,5.86,17.28,8.95,0.62,3.70,0.31,5.86,1.85,4.01,0.00,trust_no
27.72,26.43,74.98,23.91,73.55,13.92,0.37,2.17,1.80,1.71,1.76,3.96,1.11,0.67,7.30,12.67,4.67,1.95,1.20,0.32,5.01,2.60,2.59,0.03,trust_no
56.47,76.77,20.01,42.80,16.58,20.89,0.23,1.55,1.88,1.83,1.71,1.92,0.68,0.23,7.97,11.65,5.14,2.01,1.49,0.54,1.72,0.51,0.76,0.03,trust_no
34.18,55.07,48.20,79.08,32.25,16.35,0.36,1.03,2.43,1.58,1.82,3.53,1.40,1.03,6.38,11.00,4.56,0.97,1.46,0.12,5.47,1.22,3.10,0.00,trust_no
7.11,70.20,75.63,25.77,30.20,13.25,0.00,0.00,7.95,3.97,1.32,0.66,0.66,0.00,11.92,11.26,7.28,3.97,0.66,0.00,0.00,0.00,0.00,0.00,trust_no
54.47,73.74,12.36,29.17,17.19,17.02,0.31,1.53,1.38,2.27,2.04,1.05,0.51,0.08,7.96,11.38,5.61,2.68,0.74,0.66,4.11,0.36,2.78,0.00,trust_no
10.28,67.04,87.63,1.00,13.60,17.65,0.00,0.00,5.88,1.47,0.00,1.47,0.00,0.00,2.94,11.76,1.47,4.41,0.00,0.00,1.47,0.00,1.47,0.00,trust_no
95.38,60.23,32.45,52.72,12.13,18.09,0.12,0.38,0.43,0.68,0.47,0.90,0.18,0.13,8.45,11.55,2.86,0.87,6.32,0.34,1.61,0.19,0.98,0.01,trust_no
35.23,40.21,80.28,31.08,31.08,14.13,0.31,1.09,1.71,2.46,2.06,4.05,1.06,0.38,6.27,15.15,6.23,1.30,1.59,0.55,4.24,0.89,2.55,0.23,trust_no
49.55,41.66,65.37,48.10,25.31,19.44,0.35,1.97,1.29,1.70,1.52,6.50,1.51,0.74,6.91,14.00,5.39,1.44,3.21,0.78,4.68,1.56,2.82,0.00,trust_no
51.87,45.35,54.07,70.21,9.69,17.92,0.22,0.83,1.70,2.54,1.53,2.86,0.98,0.12,7.22,13.54,5.15,1.49,3.00,0.45,2.23,0.45,1.11,0.05,trust_no
39.72,30.02,80.57,33.43,16.39,14.68,0.29,1.59,1.76,2.01,1.74,4.43,1.55,0.32,7.14,14.99,6.03,1.42,1.90,0.68,3.32,1.38,1.41,0.03,trust_no
27.67,91.30,24.19,91.14,8.93,18.40,0.80,0.80,0.00,2.40,1.60,2.40,0.80,0.00,8.00,15.20,4.80,0.00,3.20,0.00,4.00,0.80,2.40,0.00,trust_no
44.19,39.02,61.00,32.63,10.91,15.08,0.32,1.10,1.80,1.89,1.36,3.71,1.30,0.71,5.37,12.44,5.69,1.16,1.78,0.58,3.19,0.76,1.40,0.07,trust_no
86.27,71.60,5.38,23.15,12.03,30.65,0.34,3.19,1.09,1.60,2.52,3.11,1.09,0.17,4.28,9.91,5.96,1.43,1.09,0.34,1.43,0.76,0.50,0.00,trust_no
80.31,47.63,48.38,95.97,11.13,23.01,0.24,0.31,1.36,1.15,1.25,3.71,0.17,0.04,6.08,15.19,6.94,1.70,3.13,0.38,1.59,0.32,0.49,0.01,trust_no
64.84,75.16,23.23,17.94,18.05,16.44,0.46,2.09,1.98,1.52,1.72,3.16,0.85,0.62,8.04,12.60,6.37,1.81,1.52,0.80,2.45,1.01,1.30,0.06,trust_no
83.09,49.25,1.00,63.59,20.44,21.98,0.06,0.28,1.22,0.85,1.92,0.47,0.09,0.06,3.61,4.55,2.62,1.64,0.38,0.58,1.24,0.02,0.64,0.02,trust_no
83.09,49.25,1.00,63.59,20.44,21.98,0.06,0.28,1.22,0.85,1.92,0.47,0.09,0.06,3.61,4.55,2.62,1.64,0.38,0.58,1.24,0.02,0.64,0.02,trust_no
89.77,71.75,15.62,28.01,23.78,26.48,0.34,1.55,1.38,1.48,1.38,3.94,0.67,0.54,8.24,12.62,7.91,2.12,2.12,0.74,1.78,0.47,0.81,0.00,trust_no
56.83,65.71,77.80,80.11,16.19,14.89,0.14,0.66,1.63,1.99,2.05,2.05,0.62,0.08,8.63,16.90,6.47,1.69,2.19,0.31,2.30,0.23,1.50,0.01,trust_no
66.79,71.87,20.43,85.86,25.57,24.67,0.19,0.55,1.56,1.53,0.83,1.58,0.48,0.02,6.55,11.68,5.50,1.52,1.66,1.07,2.46,0.17,1.15,0.03,trust_no
90.13,59.53,11.15,71.67,38.45,37.55,0.11,1.83,1.55,0.74,6.07,0.87,0.15,0.06,11.75,10.49,7.85,0.77,1.46,0.19,1.41,0.08,1.03,0.01,trust_no
79.01,53.55,19.64,57.25,13.45,25.53,0.11,1.44,1.66,1.66,1.00,2.55,1.00,0.22,7.99,10.77,6.33,1.89,2.89,1.00,3.11,0.67,1.78,0.00,trust_no
84.98,65.12,3.55,9.23,14.34,29.74,0.35,2.54,1.16,1.11,1.02,2.20,0.36,0.86,6.50,7.96,4.17,3.01,0.76,1.61,2.37,0.74,1.28,0.00,trust_no
78.17,78.46,17.09,13.25,12.77,22.89,0.44,2.10,2.54,1.24,2.47,2.74,0.44,0.76,12.67,11.67,5.72,2.99,0.65,1.86,2.27,1.43,0.57,0.03,trust_no
44.73,84.02,10.39,64.65,5.84,19.59,0.21,1.23,1.74,1.74,2.56,1.44,0.72,0.10,8.21,11.08,5.95,2.77,0.92,0.62,4.62,0.72,3.08,0.00,trust_no
89.90,58.65,55.84,29.43,26.88,21.23,0.22,0.66,2.41,1.97,1.75,0.66,0.44,0.22,5.25,16.63,11.16,0.88,2.19,0.66,0.66,0.00,0.44,0.00,trust_no
94.28,58.44,1.00,1.00,15.40,33.38,0.14,0.37,0.32,0.11,0.13,0.73,0.29,0.12,7.79,5.37,4.49,0.61,0.53,0.23,12.50,0.20,12.09,0.00,trust_no
96.91,66.88,9.14,8.56,35.35,34.37,0.51,1.73,1.02,0.54,0.70,1.32,0.38,0.34,8.28,11.85,8.61,2.47,1.46,0.84,0.63,0.14,0.25,0.00,trust_no
87.57,71.89,3.55,25.77,8.62,21.74,0.00,1.45,2.90,1.45,1.45,1.45,0.00,0.00,5.80,8.70,2.90,1.45,0.00,2.90,7.25,0.00,5.80,0.00,trust_no
87.57,71.89,3.55,25.77,8.62,21.74,0.00,1.45,2.90,1.45,1.45,1.45,0.00,0.00,5.80,8.70,2.90,1.45,0.00,2.90,7.25,0.00,5.80,0.00,trust_no
53.81,39.75,66.30,24.99,52.38,14.70,0.23,1.32,2.19,1.90,1.65,3.19,1.10,0.39,6.22,13.90,6.17,1.40,1.38,0.70,3.88,1.31,2.81,0.04,trust_no
47.62,44.04,37.14,61.82,8.39,23.94,0.35,1.74,1.77,2.33,2.05,2.11,0.72,0.63,6.04,12.21,4.82,0.90,3.15,0.43,3.47,1.42,0.90,0.03,trust_no
45.78,55.14,71.58,76.81,10.39,17.08,0.82,0.44,1.58,1.80,1.67,2.18,1.05,0.05,6.19,14.36,5.45,0.89,2.83,0.42,1.16,0.05,0.49,0.02,trust_no
13.41,2.31,20.24,1.00,25.00,12.00,4.00,4.00,0.00,12.00,0.00,8.00,8.00,4.00,16.00,0.00,0.00,0.00,0.00,8.00,8.00,4.00,4.00,0.00,trust_no
71.52,56.89,17.50,27.47,11.54,21.61,0.31,2.24,1.12,2.14,2.04,2.96,1.12,1.12,6.63,13.46,7.34,1.83,1.02,1.53,4.08,1.63,1.73,0.00,trust_no
71.52,56.89,17.50,27.47,11.54,21.61,0.31,2.24,1.12,2.14,2.04,2.96,1.12,1.12,6.63,13.46,7.34,1.83,1.02,1.53,4.08,1.63,1.73,0.00,trust_no
28.68,26.61,83.39,31.92,56.59,12.80,0.28,2.06,1.67,2.04,1.72,4.98,1.50,1.13,6.68,13.86,5.44,1.66,1.44,0.32,5.59,1.82,3.33,0.09,trust_no
97.77,71.34,31.48,99.00,16.39,22.15,0.04,0.11,1.11,2.04,0.57,1.91,0.27,0.03,9.54,14.92,6.68,1.54,3.23,1.59,0.96,0.00,0.65,0.00,trust_no
96.28,87.46,91.16,84.63,15.11,20.05,0.08,0.16,4.00,3.44,0.41,1.90,0.20,0.22,6.22,21.59,13.44,1.11,2.10,0.44,1.35,0.00,1.25,0.00,trust_no
51.17,61.56,33.22,51.09,31.64,20.99,0.40,1.58,2.43,2.93,1.30,2.26,0.85,0.23,9.88,9.99,4.63,3.27,2.48,2.03,1.64,0.51,0.68,0.00,trust_no
46.85,48.48,47.00,36.57,16.94,20.08,0.35,0.88,1.46,1.55,0.82,2.25,0.64,0.15,6.28,10.64,4.27,0.96,1.72,0.20,4.44,0.47,2.95,0.18,trust_no
86.91,65.63,17.73,65.34,17.58,22.23,0.18,0.75,1.67,1.89,1.16,1.63,0.45,0.04,8.72,11.31,5.78,2.57,4.35,1.63,1.88,0.31,1.03,0.01,trust_no
91.97,55.96,1.00,34.44,12.28,24.59,0.15,0.15,0.41,0.15,0.21,0.28,0.06,0.04,2.07,2.07,0.82,0.69,0.21,0.21,1.63,0.00,1.62,0.00,trust_no
94.33,47.90,2.24,58.57,49.77,23.21,0.03,0.65,0.43,0.46,0.41,1.28,0.24,0.02,4.21,6.03,3.08,1.49,11.40,0.30,0.89,0.11,0.69,0.00,trust_no
42.66,76.55,39.61,15.57,10.00,20.40,0.32,1.43,4.12,3.27,1.98,0.91,0.14,0.02,4.45,11.39,6.87,1.27,1.07,0.33,1.12,0.24,0.32,0.09,trust_no
94.65,58.24,7.84,4.56,24.00,35.42,2.08,0.00,0.00,0.00,0.00,2.08,0.00,0.00,10.42,12.50,8.33,6.25,0.00,0.00,0.00,0.00,0.00,0.00,trust_no
95.40,61.18,36.21,23.77,20.07,22.23,0.16,1.07,1.78,0.80,2.03,1.14,0.27,0.17,5.53,16.08,12.04,2.06,1.48,0.40,1.14,0.20,0.90,0.00,trust_no
95.40,61.18,36.21,23.77,20.07,22.23,0.16,1.07,1.78,0.80,2.03,1.14,0.27,0.17,5.53,16.08,12.04,2.06,1.48,0.40,1.14,0.20,0.90,0.00,trust_no
89.49,50.00,1.00,1.76,8.50,20.59,5.88,2.94,0.00,0.00,0.00,0.00,0.00,0.00,2.94,5.88,2.94,0.00,0.00,0.00,2.94,0.00,2.94,0.00,trust_no
89.49,50.00,1.00,1.76,8.50,20.59,5.88,2.94,0.00,0.00,0.00,0.00,0.00,0.00,2.94,5.88,2.94,0.00,0.00,0.00,2.94,0.00,2.94,0.00,trust_no
83.07,73.15,5.78,30.24,20.08,26.83,0.20,1.66,0.93,1.59,1.06,2.12,0.73,0.46,8.90,10.56,5.71,2.79,1.00,0.80,3.52,0.53,1.46,0.00,trust_no
83.07,73.15,5.78,30.24,20.08,26.83,0.20,1.66,0.93,1.59,1.06,2.12,0.73,0.46,8.90,10.56,5.71,2.79,1.00,0.80,3.52,0.53,1.46,0.00,trust_no
89.34,68.94,34.39,35.36,24.31,19.29,0.21,0.57,2.03,1.70,1.48,1.75,0.59,0.21,6.24,15.28,9.57,1.03,3.50,0.27,0.68,0.07,0.54,0.01,trust_no
89.34,68.94,34.39,35.36,24.31,19.29,0.21,0.57,2.03,1.70,1.48,1.75,0.59,0.21,6.24,15.28,9.57,1.03,3.50,0.27,0.68,0.07,0.54,0.01,trust_no
89.34,68.94,34.39,35.36,24.31,19.29,0.21,0.57,2.03,1.70,1.48,1.75,0.59,0.21,6.24,15.28,9.57,1.03,3.50,0.27,0.68,0.07,0.54,0.01,trust_no
61.08,61.62,29.12,46.78,55.78,17.01,0.22,1.25,1.59,2.46,1.59,1.90,0.71,0.35,7.32,12.40,5.60,1.81,2.69,0.95,2.22,0.78,0.78,0.04,trust_no
76.35,60.48,29.92,60.38,9.27,22.82,0.25,1.00,1.41,1.83,1.00,3.15,0.83,0.41,5.98,12.61,6.80,1.33,2.41,0.41,2.16,0.50,1.24,0.00,trust_no
80.93,67.19,21.92,24.20,13.71,20.72,0.49,2.19,2.16,2.27,1.76,2.07,0.80,0.42,8.52,12.37,6.24,2.67,0.68,1.92,2.59,1.25,0.64,0.07,trust_no
72.90,62.95,14.93,50.15,15.32,20.95,0.26,0.49,1.86,2.31,1.25,4.10,1.32,0.29,6.63,10.73,5.23,3.21,0.65,0.85,1.74,0.33,0.84,0.01,trust_no
72.90,62.95,14.93,50.15,15.32,20.95,0.26,0.49,1.86,2.31,1.25,4.10,1.32,0.29,6.63,10.73,5.23,3.21,0.65,0.85,1.74,0.33,0.84,0.01,trust_no
30.66,44.59,64.27,34.40,50.90,12.74,0.24,2.22,1.45,2.22,1.60,5.01,1.98,1.21,7.32,12.29,5.16,1.17,1.52,0.82,4.60,2.31,1.82,0.07,trust_no
93.50,60.05,68.38,65.60,12.60,19.06,0.07,0.61,1.53,1.02,1.83,2.24,0.58,0.03,6.95,19.29,9.73,2.17,3.83,0.92,1.36,0.17,1.15,0.00,trust_no
77.29,58.84,25.32,35.48,11.08,25.57,0.23,1.58,1.51,1.54,1.83,3.63,0.95,0.50,7.93,11.08,5.59,1.90,1.61,0.69,2.59,0.89,1.54,0.01,trust_no
88.28,61.63,17.89,34.91,24.87,21.26,0.22,0.86,1.27,1.50,1.53,1.94,0.40,0.11,8.85,9.62,5.01,1.70,5.39,0.73,0.64,0.15,0.42,0.00,trust_no
88.28,61.63,17.89,34.91,24.87,21.26,0.22,0.86,1.27,1.50,1.53,1.94,0.40,0.11,8.85,9.62,5.01,1.70,5.39,0.73,0.64,0.15,0.42,0.00,trust_no
97.77,63.31,13.15,98.48,19.17,26.08,0.00,0.00,0.91,0.00,0.45,0.68,0.45,0.23,4.08,12.93,9.75,2.72,2.04,3.63,0.91,0.45,0.23,0.00,trust_no
97.77,63.31,13.15,98.48,19.17,26.08,0.00,0.00,0.91,0.00,0.45,0.68,0.45,0.23,4.08,12.93,9.75,2.72,2.04,3.63,0.91,0.45,0.23,0.00,trust_no
87.91,37.51,1.00,26.22,43.29,17.36,0.02,0.24,0.42,0.12,0.15,0.46,0.08,0.14,0.84,1.03,0.32,0.25,0.34,0.14,2.72,0.10,2.53,0.00,trust_no
85.72,60.95,4.97,25.77,18.00,16.67,0.00,0.00,0.00,0.00,0.00,2.78,2.78,0.00,11.11,11.11,5.56,5.56,5.56,0.00,5.56,2.78,2.78,0.00,trust_no
99.00,47.85,94.97,50.91,58.68,3.50,0.00,0.72,0.00,0.45,0.36,25.47,0.09,0.00,1.52,29.06,26.28,0.18,0.54,0.00,1.17,0.18,0.81,0.00,trust_no
59.76,56.41,53.60,37.31,29.91,15.33,0.19,1.24,2.07,2.32,1.87,3.23,0.94,0.45,6.13,13.51,6.40,1.98,1.18,1.23,3.89,1.04,2.54,0.02,trust_no
66.52,51.40,45.67,51.45,13.67,12.60,0.09,1.56,1.31,2.00,1.21,3.01,0.94,0.64,7.80,13.95,5.78,1.33,2.47,0.86,4.22,1.49,2.24,0.04,trust_no
81.85,67.22,3.20,24.11,16.57,26.93,0.94,1.31,0.79,1.63,1.10,1.57,0.68,0.10,8.50,9.24,4.72,1.94,1.15,0.42,2.26,0.52,1.73,0.05,trust_no
62.49,78.60,26.46,40.18,21.43,20.28,0.41,1.82,2.42,2.85,1.97,1.82,0.41,0.27,10.10,12.07,6.04,2.82,0.95,1.82,0.95,0.32,0.30,0.00,trust_no
76.59,79.94,13.61,41.43,10.81,24.88,0.25,1.50,2.10,1.56,1.96,1.59,0.55,0.37,9.02,11.00,6.17,2.21,0.74,0.78,2.55,0.74,1.26,0.02,trust_no
68.33,39.72,48.85,12.22,11.75,21.21,0.19,2.12,1.26,2.08,1.27,4.41,1.65,1.28,9.44,13.17,6.12,5.82,1.92,0.23,4.05,2.17,1.56,0.03,trust_no
94.08,78.74,2.52,70.31,92.65,25.45,0.79,0.46,0.87,0.83,1.00,1.12,0.46,0.00,11.83,8.97,5.81,4.94,0.95,1.83,0.42,0.00,0.33,0.00,trust_no
61.00,79.07,12.31,99.00,8.39,15.32,0.43,0.85,1.28,0.43,0.85,0.43,0.00,0.00,11.06,9.36,4.26,1.70,0.85,0.43,8.94,0.00,7.23,0.00,trust_no
69.42,68.82,27.49,1.00,37.33,24.11,0.00,7.14,2.68,1.79,1.34,1.79,1.34,0.89,4.02,12.95,6.25,0.00,0.45,0.89,0.89,0.89,0.00,0.00,trust_no
66.73,63.08,45.05,71.06,10.14,15.19,0.09,1.06,1.17,1.30,1.75,2.36,0.84,0.13,8.43,15.10,6.33,1.75,3.42,0.35,3.65,1.00,2.14,0.03,trust_no
67.21,56.48,48.49,29.17,18.19,12.83,0.00,1.02,1.63,1.02,2.85,2.04,1.43,0.00,7.33,17.52,9.98,1.43,0.41,0.81,4.48,0.41,3.67,0.00,trust_no
97.96,88.95,7.24,91.78,8.17,22.45,0.00,0.00,0.00,2.04,2.04,0.00,0.00,0.00,4.08,12.24,4.08,2.04,2.04,6.12,6.12,0.00,2.04,0.00,trust_no
79.13,55.51,36.07,11.32,7.87,17.42,0.35,2.32,1.28,1.97,1.07,5.90,1.89,1.28,7.20,14.30,7.55,1.44,2.13,0.88,2.83,2.05,0.51,0.03,trust_no
97.81,72.17,27.84,15.95,17.52,28.37,0.17,0.87,0.87,0.35,0.69,1.90,0.69,0.17,4.84,17.13,14.53,1.56,9.86,0.52,0.17,0.00,0.17,0.00,trust_no
97.81,72.17,27.84,15.95,17.52,28.37,0.17,0.87,0.87,0.35,0.69,1.90,0.69,0.17,4.84,17.13,14.53,1.56,9.86,0.52,0.17,0.00,0.17,0.00,trust_no
58.44,73.61,44.87,64.88,8.50,21.16,0.19,1.11,1.87,1.93,1.91,2.99,1.05,0.76,7.22,14.31,5.58,1.79,2.20,0.48,3.67,1.37,1.59,0.00,trust_no
62.04,38.59,16.90,2.86,31.39,16.70,0.10,3.57,1.74,1.25,1.45,2.51,1.45,0.39,5.02,8.88,5.41,0.77,1.16,0.19,6.37,3.67,1.74,0.00,trust_no
60.25,48.97,63.10,56.95,18.68,13.41,0.20,1.06,1.47,2.14,1.60,2.50,1.01,0.21,8.43,15.71,6.77,1.77,2.59,0.67,2.98,0.96,1.35,0.06,trust_no
